trial,testing,parameters,initial_deadline,final_deadline,net_reward,actions,success
1,False,"{'a': 0.5, 'e': 0.996}",20,0,-147.47458192576553,"{0: 10, 1: 2, 2: 5, 3: 1, 4: 2}",0
2,False,"{'a': 0.5, 'e': 0.992016}",20,0,-169.30354605927496,"{0: 11, 1: 0, 2: 4, 3: 3, 4: 2}",0
3,False,"{'a': 0.5, 'e': 0.988047936}",30,0,-241.04858229055006,"{0: 13, 1: 6, 2: 7, 3: 0, 4: 4}",0
4,False,"{'a': 0.5, 'e': 0.984095744256}",20,0,-120.44752927861553,"{0: 13, 1: 0, 2: 4, 3: 1, 4: 2}",0
5,False,"{'a': 0.5, 'e': 0.980159361278976}",25,0,-157.97047930148747,"{0: 13, 1: 3, 2: 6, 3: 1, 4: 2}",0
6,False,"{'a': 0.5, 'e': 0.9762387238338601}",30,0,-148.81734467244775,"{0: 17, 1: 3, 2: 8, 3: 0, 4: 2}",0
7,False,"{'a': 0.5, 'e': 0.9723337689385246}",20,0,-109.6560751056425,"{0: 11, 1: 1, 2: 6, 3: 1, 4: 1}",0
8,False,"{'a': 0.5, 'e': 0.9684444338627706}",25,0,-91.75322543887272,"{0: 16, 1: 5, 2: 2, 3: 1, 4: 1}",0
9,False,"{'a': 0.5, 'e': 0.9645706561273194}",25,0,-80.02063987142984,"{0: 20, 1: 2, 2: 1, 3: 0, 4: 2}",0
10,False,"{'a': 0.5, 'e': 0.9607123735028101}",35,0,-226.0263386060968,"{0: 18, 1: 5, 2: 8, 3: 1, 4: 3}",0
11,False,"{'a': 0.5, 'e': 0.9568695240087989}",30,8,-97.82245046665929,"{0: 16, 1: 2, 2: 1, 3: 1, 4: 2}",1
12,False,"{'a': 0.5, 'e': 0.9530420459127638}",20,0,-97.9619617693478,"{0: 11, 1: 2, 2: 4, 3: 3, 4: 0}",0
13,False,"{'a': 0.5, 'e': 0.9492298777291127}",25,0,-96.55770533761647,"{0: 16, 1: 1, 2: 7, 3: 0, 4: 1}",0
14,False,"{'a': 0.5, 'e': 0.9454329582181962}",30,0,-205.9726977439053,"{0: 17, 1: 2, 2: 7, 3: 1, 4: 3}",0
15,False,"{'a': 0.5, 'e': 0.9416512263853234}",35,0,-187.77504288452607,"{0: 17, 1: 6, 2: 8, 3: 3, 4: 1}",0
16,False,"{'a': 0.5, 'e': 0.9378846214797821}",25,0,-70.86022531986796,"{0: 17, 1: 4, 2: 3, 3: 0, 4: 1}",0
17,False,"{'a': 0.5, 'e': 0.934133082993863}",20,0,-138.10512414383936,"{0: 11, 1: 2, 2: 4, 3: 1, 4: 2}",0
18,False,"{'a': 0.5, 'e': 0.9303965506618875}",30,0,-63.6945405893406,"{0: 22, 1: 2, 2: 5, 3: 1, 4: 0}",0
19,False,"{'a': 0.5, 'e': 0.92667496445924}",30,0,-181.08431342264947,"{0: 17, 1: 5, 2: 4, 3: 1, 4: 3}",0
20,False,"{'a': 0.5, 'e': 0.922968264601403}",20,0,-153.3589689934359,"{0: 12, 1: 0, 2: 5, 3: 0, 4: 3}",0
21,False,"{'a': 0.5, 'e': 0.9192763915429975}",25,0,-164.28270157165701,"{0: 18, 1: 2, 2: 1, 3: 0, 4: 4}",0
22,False,"{'a': 0.5, 'e': 0.9155992859768254}",25,0,-134.1278953340626,"{0: 19, 1: 0, 2: 3, 3: 0, 4: 3}",0
23,False,"{'a': 0.5, 'e': 0.9119368888329181}",25,4,-140.13223701761552,"{0: 12, 1: 1, 2: 5, 3: 1, 4: 2}",1
24,False,"{'a': 0.5, 'e': 0.9082891412775864}",20,0,-73.81910720892354,"{0: 10, 1: 5, 2: 4, 3: 1, 4: 0}",0
25,False,"{'a': 0.5, 'e': 0.9046559847124761}",20,0,-103.38970423398607,"{0: 12, 1: 2, 2: 3, 3: 2, 4: 1}",0
26,False,"{'a': 0.5, 'e': 0.9010373607736262}",30,0,-196.21952562298674,"{0: 18, 1: 4, 2: 2, 3: 3, 4: 3}",0
27,False,"{'a': 0.5, 'e': 0.8974332113305317}",30,0,-81.18073041563211,"{0: 19, 1: 5, 2: 5, 3: 1, 4: 0}",0
28,False,"{'a': 0.5, 'e': 0.8938434784852095}",20,6,-115.44651135664927,"{0: 8, 1: 1, 2: 2, 3: 1, 4: 2}",1
29,False,"{'a': 0.5, 'e': 0.8902681045712687}",20,0,-44.1065449846107,"{0: 13, 1: 3, 2: 3, 3: 1, 4: 0}",0
30,False,"{'a': 0.5, 'e': 0.8867070321529836}",35,0,-201.75022102358082,"{0: 20, 1: 4, 2: 7, 3: 1, 4: 3}",0
31,False,"{'a': 0.5, 'e': 0.8831602040243717}",30,0,-116.738495756554,"{0: 21, 1: 1, 2: 6, 3: 0, 4: 2}",0
32,False,"{'a': 0.5, 'e': 0.8796275632082742}",30,0,-32.83514961511324,"{0: 24, 1: 2, 2: 3, 3: 1, 4: 0}",0
33,False,"{'a': 0.5, 'e': 0.8761090529554411}",20,0,-60.61962210968071,"{0: 15, 1: 0, 2: 4, 3: 0, 4: 1}",0
34,False,"{'a': 0.5, 'e': 0.8726046167436193}",25,0,-40.13132108634549,"{0: 21, 1: 2, 2: 1, 3: 0, 4: 1}",0
35,False,"{'a': 0.5, 'e': 0.8691141982766448}",20,12,-8.721160283540222,"{0: 6, 1: 0, 2: 2, 3: 0, 4: 0}",1
36,False,"{'a': 0.5, 'e': 0.8656377414835382}",25,0,-282.543150800782,"{0: 12, 1: 1, 2: 5, 3: 2, 4: 5}",0
37,False,"{'a': 0.5, 'e': 0.862175190517604}",30,0,-169.97571516376172,"{0: 16, 1: 2, 2: 10, 3: 0, 4: 2}",0
38,False,"{'a': 0.5, 'e': 0.8587264897555337}",20,0,-85.84017339038613,"{0: 15, 1: 1, 2: 2, 3: 0, 4: 2}",0
39,False,"{'a': 0.5, 'e': 0.8552915837965115}",20,0,-114.80805012468122,"{0: 12, 1: 1, 2: 4, 3: 2, 4: 1}",0
40,False,"{'a': 0.5, 'e': 0.8518704174613255}",20,0,-41.63765075943683,"{0: 14, 1: 2, 2: 3, 3: 1, 4: 0}",0
41,False,"{'a': 0.5, 'e': 0.8484629357914802}",30,0,-131.83166468227478,"{0: 20, 1: 2, 2: 6, 3: 0, 4: 2}",0
42,False,"{'a': 0.5, 'e': 0.8450690840483143}",20,0,-18.555424571853443,"{0: 15, 1: 2, 2: 3, 3: 0, 4: 0}",0
43,False,"{'a': 0.5, 'e': 0.841688807712121}",25,0,-73.0485210299796,"{0: 18, 1: 0, 2: 5, 3: 2, 4: 0}",0
44,False,"{'a': 0.5, 'e': 0.8383220524812726}",20,6,0.35845584759756655,"{0: 11, 1: 2, 2: 1, 3: 0, 4: 0}",1
45,False,"{'a': 0.5, 'e': 0.8349687642713474}",35,3,-140.6842998748266,"{0: 19, 1: 7, 2: 3, 3: 1, 4: 2}",1
46,False,"{'a': 0.5, 'e': 0.831628889214262}",25,0,-75.35438006496497,"{0: 18, 1: 3, 2: 2, 3: 1, 4: 1}",0
47,False,"{'a': 0.5, 'e': 0.828302373657405}",20,0,-129.26509489221283,"{0: 11, 1: 0, 2: 6, 3: 2, 4: 1}",0
48,False,"{'a': 0.5, 'e': 0.8249891641627753}",20,0,-51.83009835046782,"{0: 16, 1: 1, 2: 1, 3: 1, 4: 1}",0
49,False,"{'a': 0.5, 'e': 0.8216892075061243}",20,9,-43.56050041266032,"{0: 8, 1: 1, 2: 1, 3: 0, 4: 1}",1
50,False,"{'a': 0.5, 'e': 0.8184024506760997}",30,3,-82.28726142304889,"{0: 19, 1: 1, 2: 6, 3: 0, 4: 1}",1
51,False,"{'a': 0.5, 'e': 0.8151288408733953}",30,12,-77.62277678868517,"{0: 12, 1: 0, 2: 4, 3: 1, 4: 1}",1
52,False,"{'a': 0.5, 'e': 0.8118683255099017}",20,10,-14.966520929592813,"{0: 8, 1: 0, 2: 1, 3: 1, 4: 0}",1
53,False,"{'a': 0.5, 'e': 0.8086208522078622}",20,0,-149.37251935479338,"{0: 12, 1: 3, 2: 1, 3: 1, 4: 3}",0
54,False,"{'a': 0.5, 'e': 0.8053863687990307}",25,3,-42.87972691110371,"{0: 14, 1: 2, 2: 6, 3: 0, 4: 0}",1
55,False,"{'a': 0.5, 'e': 0.8021648233238345}",30,2,-91.84843191015788,"{0: 22, 1: 1, 2: 3, 3: 0, 4: 2}",1
56,False,"{'a': 0.5, 'e': 0.7989561640305393}",25,0,-76.46969317511339,"{0: 18, 1: 1, 2: 5, 3: 0, 4: 1}",0
57,False,"{'a': 0.5, 'e': 0.795760339374417}",20,6,-43.55026239193419,"{0: 10, 1: 0, 2: 2, 3: 2, 4: 0}",1
58,False,"{'a': 0.5, 'e': 0.7925772980169195}",25,0,-122.26576357567225,"{0: 15, 1: 4, 2: 4, 3: 0, 4: 2}",0
59,False,"{'a': 0.5, 'e': 0.7894069888248517}",25,0,-35.84891863978176,"{0: 18, 1: 3, 2: 3, 3: 1, 4: 0}",0
60,False,"{'a': 0.5, 'e': 0.7862493608695523}",20,0,-4.362730676404074,"{0: 17, 1: 1, 2: 2, 3: 0, 4: 0}",0
61,False,"{'a': 0.5, 'e': 0.7831043634260741}",30,0,-144.59303143372347,"{0: 19, 1: 3, 2: 5, 3: 1, 4: 2}",0
62,False,"{'a': 0.5, 'e': 0.7799719459723699}",30,0,-49.73411977651473,"{0: 24, 1: 4, 2: 1, 3: 0, 4: 1}",0
63,False,"{'a': 0.5, 'e': 0.7768520581884804}",30,4,-121.2147399238166,"{0: 19, 1: 0, 2: 3, 3: 2, 4: 2}",1
64,False,"{'a': 0.5, 'e': 0.7737446499557264}",35,5,-120.67734311737387,"{0: 20, 1: 2, 2: 6, 3: 0, 4: 2}",1
65,False,"{'a': 0.5, 'e': 0.7706496713559035}",20,1,-32.866287883859094,"{0: 16, 1: 1, 2: 1, 3: 0, 4: 1}",1
66,False,"{'a': 0.5, 'e': 0.7675670726704799}",25,0,-121.81122580812935,"{0: 19, 1: 1, 2: 2, 3: 0, 4: 3}",0
67,False,"{'a': 0.5, 'e': 0.764496804379798}",25,0,-58.67151806439084,"{0: 19, 1: 3, 2: 1, 3: 1, 4: 1}",0
68,False,"{'a': 0.5, 'e': 0.7614388171622788}",20,0,-117.97013245411237,"{0: 13, 1: 1, 2: 3, 3: 1, 4: 2}",0
69,False,"{'a': 0.5, 'e': 0.7583930618936296}",20,3,-151.64964965092227,"{0: 8, 1: 4, 2: 2, 3: 0, 4: 3}",1
70,False,"{'a': 0.5, 'e': 0.7553594896460551}",25,0,-68.69666837137251,"{0: 19, 1: 1, 2: 3, 3: 1, 4: 1}",0
71,False,"{'a': 0.5, 'e': 0.7523380516874709}",20,0,-112.15565808824483,"{0: 14, 1: 0, 2: 3, 3: 1, 4: 2}",0
72,False,"{'a': 0.5, 'e': 0.749328699480721}",20,0,-76.61773034198606,"{0: 12, 1: 0, 2: 7, 3: 1, 4: 0}",0
73,False,"{'a': 0.5, 'e': 0.7463313846827981}",20,0,-117.85475565237478,"{0: 14, 1: 2, 2: 1, 3: 0, 4: 3}",0
74,False,"{'a': 0.5, 'e': 0.7433460591440669}",25,2,-77.75414905406049,"{0: 15, 1: 2, 2: 5, 3: 0, 4: 1}",1
75,False,"{'a': 0.5, 'e': 0.7403726749074907}",20,1,-22.583426665706167,"{0: 14, 1: 1, 2: 4, 3: 0, 4: 0}",1
76,False,"{'a': 0.5, 'e': 0.7374111842078607}",20,0,-20.18449162780478,"{0: 16, 1: 1, 2: 3, 3: 0, 4: 0}",0
77,False,"{'a': 0.5, 'e': 0.7344615394710292}",20,0,-38.38596420113093,"{0: 17, 1: 0, 2: 2, 3: 0, 4: 1}",0
78,False,"{'a': 0.5, 'e': 0.7315236933131452}",20,0,-158.72865272582987,"{0: 10, 1: 3, 2: 4, 3: 0, 4: 3}",0
79,False,"{'a': 0.5, 'e': 0.7285975985398926}",25,0,-169.18663899592053,"{0: 16, 1: 1, 2: 4, 3: 1, 4: 3}",0
80,False,"{'a': 0.5, 'e': 0.725683208145733}",30,4,-67.07031509225614,"{0: 18, 1: 3, 2: 2, 3: 3, 4: 0}",1
81,False,"{'a': 0.5, 'e': 0.72278047531315}",20,0,-71.85241993320354,"{0: 14, 1: 1, 2: 3, 3: 1, 4: 1}",0
82,False,"{'a': 0.5, 'e': 0.7198893534118974}",25,0,-67.36539523062126,"{0: 17, 1: 4, 2: 2, 3: 2, 4: 0}",0
83,False,"{'a': 0.5, 'e': 0.7170097959982499}",20,0,-124.4058345309475,"{0: 12, 1: 1, 2: 4, 3: 1, 4: 2}",0
84,False,"{'a': 0.5, 'e': 0.7141417568142568}",25,0,-121.04491004951765,"{0: 17, 1: 1, 2: 4, 3: 1, 4: 2}",0
85,False,"{'a': 0.5, 'e': 0.7112851897869998}",20,0,-29.833536469512914,"{0: 17, 1: 0, 2: 1, 3: 2, 4: 0}",0
86,False,"{'a': 0.5, 'e': 0.7084400490278518}",20,0,-9.930635928312864,"{0: 17, 1: 0, 2: 3, 3: 0, 4: 0}",0
87,False,"{'a': 0.5, 'e': 0.7056062888317404}",20,0,-151.3360458656107,"{0: 11, 1: 2, 2: 4, 3: 0, 4: 3}",0
88,False,"{'a': 0.5, 'e': 0.7027838636764134}",30,13,29.2334924600006,"{0: 17, 1: 0, 2: 0, 3: 0, 4: 0}",1
89,False,"{'a': 0.5, 'e': 0.6999727282217078}",30,0,-28.403678372891484,"{0: 24, 1: 3, 2: 2, 3: 1, 4: 0}",0
90,False,"{'a': 0.5, 'e': 0.697172837308821}",20,0,-109.38964718958798,"{0: 12, 1: 3, 2: 3, 3: 0, 4: 2}",0
91,False,"{'a': 0.5, 'e': 0.6943841459595856}",20,8,-3.333518633091219,"{0: 9, 1: 1, 2: 2, 3: 0, 4: 0}",1
92,False,"{'a': 0.5, 'e': 0.6916066093757474}",25,0,-41.199574165301144,"{0: 20, 1: 2, 2: 2, 3: 0, 4: 1}",0
93,False,"{'a': 0.5, 'e': 0.6888401829382443}",20,0,-7.034489847269744,"{0: 17, 1: 0, 2: 3, 3: 0, 4: 0}",0
94,False,"{'a': 0.5, 'e': 0.6860848222064914}",25,0,-41.94686730392588,"{0: 20, 1: 2, 2: 2, 3: 0, 4: 1}",0
95,False,"{'a': 0.5, 'e': 0.6833404829176654}",25,1,-160.53335706118042,"{0: 14, 1: 3, 2: 3, 3: 1, 4: 3}",1
96,False,"{'a': 0.5, 'e': 0.6806071209859947}",30,0,-86.908526853952,"{0: 20, 1: 1, 2: 8, 3: 1, 4: 0}",0
97,False,"{'a': 0.5, 'e': 0.6778846925020507}",25,0,-68.17304298848575,"{0: 19, 1: 1, 2: 3, 3: 1, 4: 1}",0
98,False,"{'a': 0.5, 'e': 0.6751731537320426}",20,0,-55.27632993798222,"{0: 16, 1: 0, 2: 2, 3: 1, 4: 1}",0
99,False,"{'a': 0.5, 'e': 0.6724724611171143}",20,0,-45.85147060973023,"{0: 16, 1: 0, 2: 3, 3: 0, 4: 1}",0
100,False,"{'a': 0.5, 'e': 0.6697825712726458}",20,0,-37.97426550762552,"{0: 15, 1: 0, 2: 4, 3: 1, 4: 0}",0
101,False,"{'a': 0.5, 'e': 0.6671034409875553}",20,0,-24.707865655656793,"{0: 16, 1: 1, 2: 2, 3: 1, 4: 0}",0
102,False,"{'a': 0.5, 'e': 0.664435027223605}",30,0,-58.9163231419818,"{0: 23, 1: 4, 2: 1, 3: 1, 4: 1}",0
103,False,"{'a': 0.5, 'e': 0.6617772871147106}",25,0,-20.832826076018733,"{0: 20, 1: 1, 2: 4, 3: 0, 4: 0}",0
104,False,"{'a': 0.5, 'e': 0.6591301779662518}",20,0,-63.54884384824843,"{0: 15, 1: 0, 2: 4, 3: 0, 4: 1}",0
105,False,"{'a': 0.5, 'e': 0.6564936572543868}",25,0,-103.44704376050898,"{0: 18, 1: 0, 2: 5, 3: 0, 4: 2}",0
106,False,"{'a': 0.5, 'e': 0.6538676826253692}",20,0,-82.54391235464239,"{0: 13, 1: 0, 2: 6, 3: 0, 4: 1}",0
107,False,"{'a': 0.5, 'e': 0.6512522118948678}",20,0,-34.62195379245928,"{0: 17, 1: 1, 2: 1, 3: 0, 4: 1}",0
108,False,"{'a': 0.5, 'e': 0.6486472030472883}",25,0,-98.1500287083689,"{0: 18, 1: 2, 2: 1, 3: 3, 4: 1}",1
109,False,"{'a': 0.5, 'e': 0.6460526142350992}",20,0,-80.22324783911844,"{0: 12, 1: 3, 2: 4, 3: 0, 4: 1}",0
110,False,"{'a': 0.5, 'e': 0.6434684037781587}",20,0,-122.49766336474586,"{0: 12, 1: 1, 2: 5, 3: 0, 4: 2}",0
111,False,"{'a': 0.5, 'e': 0.6408945301630461}",20,0,-173.89557039605972,"{0: 12, 1: 2, 2: 2, 3: 0, 4: 4}",0
112,False,"{'a': 0.5, 'e': 0.638330952042394}",20,7,0.2837013310745755,"{0: 11, 1: 1, 2: 1, 3: 0, 4: 0}",1
113,False,"{'a': 0.5, 'e': 0.6357776282342243}",20,0,-88.54752835231854,"{0: 12, 1: 2, 2: 4, 3: 1, 4: 1}",0
114,False,"{'a': 0.5, 'e': 0.6332345177212875}",20,0,-29.97464150675129,"{0: 14, 1: 3, 2: 3, 3: 0, 4: 0}",0
115,False,"{'a': 0.5, 'e': 0.6307015796504023}",25,0,-66.23997370647409,"{0: 19, 1: 1, 2: 3, 3: 1, 4: 1}",0
116,False,"{'a': 0.5, 'e': 0.6281787733318007}",30,0,-49.00137647999649,"{0: 26, 1: 1, 2: 1, 3: 1, 4: 1}",0
117,False,"{'a': 0.5, 'e': 0.6256660582384735}",25,14,-45.842143856559126,"{0: 8, 1: 0, 2: 2, 3: 0, 4: 1}",1
118,False,"{'a': 0.5, 'e': 0.6231633940055196}",25,14,-66.80315166972908,"{0: 9, 1: 0, 2: 0, 3: 0, 4: 2}",1
119,False,"{'a': 0.5, 'e': 0.6206707404294975}",20,0,-20.841013027199917,"{0: 18, 1: 0, 2: 1, 3: 0, 4: 1}",0
120,False,"{'a': 0.5, 'e': 0.6181880574677795}",20,7,-19.15854050660301,"{0: 10, 1: 1, 2: 1, 3: 1, 4: 0}",1
121,False,"{'a': 0.5, 'e': 0.6157153052379084}",20,14,-8.214356337896044,"{0: 5, 1: 0, 2: 0, 3: 1, 4: 0}",1
122,False,"{'a': 0.5, 'e': 0.6132524440169568}",20,0,-32.69104173440207,"{0: 16, 1: 1, 2: 1, 3: 2, 4: 0}",0
123,False,"{'a': 0.5, 'e': 0.6107994342408889}",20,3,-34.91266414169447,"{0: 13, 1: 2, 2: 1, 3: 0, 4: 1}",1
124,False,"{'a': 0.5, 'e': 0.6083562365039253}",20,0,-95.8751176078182,"{0: 15, 1: 1, 2: 1, 3: 1, 4: 2}",0
125,False,"{'a': 0.5, 'e': 0.6059228115579096}",20,0,-60.19666787992895,"{0: 15, 1: 2, 2: 1, 3: 1, 4: 1}",0
126,False,"{'a': 0.5, 'e': 0.6034991203116781}",25,7,2.8013755113671372,"{0: 16, 1: 1, 2: 1, 3: 0, 4: 0}",1
127,False,"{'a': 0.5, 'e': 0.6010851238304313}",25,0,-74.702145938518,"{0: 18, 1: 2, 2: 3, 3: 1, 4: 1}",0
128,False,"{'a': 0.5, 'e': 0.5986807833351095}",25,0,-27.605105531755676,"{0: 21, 1: 0, 2: 2, 3: 2, 4: 0}",0
129,False,"{'a': 0.5, 'e': 0.5962860602017691}",30,20,-58.52145936460217,"{0: 7, 1: 0, 2: 1, 3: 1, 4: 1}",1
130,False,"{'a': 0.5, 'e': 0.5939009159609621}",20,0,-36.64723283937337,"{0: 17, 1: 1, 2: 1, 3: 0, 4: 1}",0
131,False,"{'a': 0.5, 'e': 0.5915253122971182}",25,0,-160.97464112174004,"{0: 16, 1: 3, 2: 1, 3: 2, 4: 3}",0
132,False,"{'a': 0.5, 'e': 0.5891592110479298}",20,0,-132.88295681691542,"{0: 15, 1: 0, 2: 1, 3: 1, 4: 3}",0
133,False,"{'a': 0.5, 'e': 0.586802574203738}",25,0,-29.333033415773595,"{0: 19, 1: 3, 2: 2, 3: 1, 4: 0}",0
134,False,"{'a': 0.5, 'e': 0.5844553639069231}",20,10,-14.284731620024319,"{0: 8, 1: 0, 2: 1, 3: 1, 4: 0}",1
135,False,"{'a': 0.5, 'e': 0.5821175424512953}",20,9,6.198242942712643,"{0: 9, 1: 2, 2: 0, 3: 0, 4: 0}",1
136,False,"{'a': 0.5, 'e': 0.5797890722814901}",25,0,-77.96714209895623,"{0: 19, 1: 3, 2: 1, 3: 0, 4: 2}",0
137,False,"{'a': 0.5, 'e': 0.5774699159923642}",20,13,14.26011229969897,"{0: 7, 1: 0, 2: 0, 3: 0, 4: 0}",1
138,False,"{'a': 0.5, 'e': 0.5751600363283947}",25,5,-12.674996754336206,"{0: 17, 1: 0, 2: 2, 3: 1, 4: 0}",1
139,False,"{'a': 0.5, 'e': 0.5728593961830812}",25,0,-27.468913513350632,"{0: 19, 1: 2, 2: 4, 3: 0, 4: 0}",0
140,False,"{'a': 0.5, 'e': 0.5705679585983489}",30,0,-81.604990961954,"{0: 22, 1: 2, 2: 4, 3: 1, 4: 1}",0
141,False,"{'a': 0.5, 'e': 0.5682856867639554}",25,0,-16.813121484363556,"{0: 21, 1: 1, 2: 2, 3: 1, 4: 0}",0
142,False,"{'a': 0.5, 'e': 0.5660125440168996}",20,14,0.9605589875301015,"{0: 5, 1: 1, 2: 0, 3: 0, 4: 0}",1
143,False,"{'a': 0.5, 'e': 0.563748493840832}",25,11,-29.385361820093966,"{0: 12, 1: 0, 2: 1, 3: 0, 4: 1}",1
144,False,"{'a': 0.5, 'e': 0.5614934998654687}",20,12,-3.9691721373439925,"{0: 6, 1: 1, 2: 1, 3: 0, 4: 0}",1
145,False,"{'a': 0.5, 'e': 0.5592475258660068}",20,0,-17.589904199810988,"{0: 15, 1: 2, 2: 3, 3: 0, 4: 0}",0
146,False,"{'a': 0.5, 'e': 0.5570105357625428}",25,9,-4.7045034393778185,"{0: 14, 1: 0, 2: 1, 3: 1, 4: 0}",1
147,False,"{'a': 0.5, 'e': 0.5547824936194926}",20,0,-47.035024521238604,"{0: 16, 1: 1, 2: 1, 3: 1, 4: 1}",0
148,False,"{'a': 0.5, 'e': 0.5525633636450147}",20,1,-72.93764995372571,"{0: 15, 1: 1, 2: 1, 3: 0, 4: 2}",1
149,False,"{'a': 0.5, 'e': 0.5503531101904345}",25,0,-79.26857551395375,"{0: 20, 1: 1, 2: 2, 3: 0, 4: 2}",0
150,False,"{'a': 0.5, 'e': 0.5481516977496729}",25,0,-108.83504103586785,"{0: 17, 1: 2, 2: 4, 3: 0, 4: 2}",0
151,False,"{'a': 0.5, 'e': 0.5459590909586741}",20,3,13.156875716689791,"{0: 16, 1: 0, 2: 1, 3: 0, 4: 0}",1
152,False,"{'a': 0.5, 'e': 0.5437752545948394}",20,0,-97.60643076128382,"{0: 15, 1: 0, 2: 2, 3: 1, 4: 2}",0
153,False,"{'a': 0.5, 'e': 0.5416001535764601}",20,0,-23.747717939185478,"{0: 18, 1: 0, 2: 1, 3: 0, 4: 1}",0
154,False,"{'a': 0.5, 'e': 0.5394337529621542}",20,0,-26.60291639287489,"{0: 14, 1: 3, 2: 3, 3: 0, 4: 0}",1
155,False,"{'a': 0.5, 'e': 0.5372760179503057}",20,8,-19.829130482029107,"{0: 11, 1: 0, 2: 0, 3: 0, 4: 1}",1
156,False,"{'a': 0.5, 'e': 0.5351269138785044}",25,11,-3.4542410009341,"{0: 11, 1: 1, 2: 2, 3: 0, 4: 0}",1
157,False,"{'a': 0.5, 'e': 0.5329864062229904}",20,0,-42.532829626782494,"{0: 15, 1: 0, 2: 4, 3: 1, 4: 0}",0
158,False,"{'a': 0.5, 'e': 0.5308544605980984}",25,8,-20.71184773497584,"{0: 15, 1: 1, 2: 0, 3: 0, 4: 1}",1
159,False,"{'a': 0.5, 'e': 0.528731042755706}",20,0,-16.82343849284556,"{0: 15, 1: 2, 2: 3, 3: 0, 4: 0}",1
160,False,"{'a': 0.5, 'e': 0.5266161185846832}",25,10,-1.7977170012822339,"{0: 12, 1: 2, 2: 1, 3: 0, 4: 0}",1
161,False,"{'a': 0.5, 'e': 0.5245096541103444}",20,15,9.78785547636437,"{0: 5, 1: 0, 2: 0, 3: 0, 4: 0}",1
162,False,"{'a': 0.5, 'e': 0.5224116154939031}",25,4,-70.6346750415486,"{0: 16, 1: 1, 2: 2, 3: 1, 4: 1}",1
163,False,"{'a': 0.5, 'e': 0.5203219690319275}",25,7,-25.91085522096293,"{0: 16, 1: 0, 2: 1, 3: 0, 4: 1}",1
164,False,"{'a': 0.5, 'e': 0.5182406811557998}",30,6,-30.172328298846438,"{0: 18, 1: 1, 2: 5, 3: 0, 4: 0}",1
165,False,"{'a': 0.5, 'e': 0.5161677184311766}",30,17,-17.26092738862583,"{0: 10, 1: 0, 2: 2, 3: 1, 4: 0}",1
166,False,"{'a': 0.5, 'e': 0.5141030475574518}",25,0,-85.87870268431476,"{0: 18, 1: 1, 2: 3, 3: 2, 4: 1}",0
167,False,"{'a': 0.5, 'e': 0.5120466353672221}",20,15,-3.72574715830548,"{0: 4, 1: 0, 2: 1, 3: 0, 4: 0}",1
168,False,"{'a': 0.5, 'e': 0.5099984488257532}",25,0,-96.31712041095476,"{0: 17, 1: 1, 2: 5, 3: 1, 4: 1}",1
169,False,"{'a': 0.5, 'e': 0.5079584550304501}",25,12,-62.865200775149475,"{0: 7, 1: 3, 2: 2, 3: 0, 4: 1}",1
170,False,"{'a': 0.5, 'e': 0.5059266212103284}",25,11,12.654685887217159,"{0: 13, 1: 0, 2: 1, 3: 0, 4: 0}",1
171,False,"{'a': 0.5, 'e': 0.503902914725487}",35,12,-53.02793486293889,"{0: 18, 1: 0, 2: 4, 3: 0, 4: 1}",1
172,False,"{'a': 0.5, 'e': 0.501887303066585}",30,0,-24.191213205105086,"{0: 25, 1: 1, 2: 3, 3: 1, 4: 0}",0
173,False,"{'a': 0.5, 'e': 0.4998797538543187}",30,0,-137.53923130401932,"{0: 20, 1: 2, 2: 5, 3: 1, 4: 2}",0
174,False,"{'a': 0.5, 'e': 0.4978802348389015}",25,0,-47.364196587878865,"{0: 19, 1: 0, 2: 5, 3: 1, 4: 0}",0
175,False,"{'a': 0.5, 'e': 0.49588871389954586}",20,0,27.363792075590727,"{0: 20, 1: 0, 2: 0, 3: 0, 4: 0}",0
176,False,"{'a': 0.5, 'e': 0.49390515904394766}",20,16,6.976595761800851,"{0: 4, 1: 0, 2: 0, 3: 0, 4: 0}",1
177,False,"{'a': 0.5, 'e': 0.49192953840777187}",20,7,-6.408526996564689,"{0: 11, 1: 0, 2: 2, 3: 0, 4: 0}",1
178,False,"{'a': 0.5, 'e': 0.4899618202541408}",20,0,-35.03383568760738,"{0: 14, 1: 1, 2: 5, 3: 0, 4: 0}",0
179,False,"{'a': 0.5, 'e': 0.4880019729731242}",20,6,-2.0193321001317006,"{0: 11, 1: 2, 2: 1, 3: 0, 4: 0}",1
180,False,"{'a': 0.5, 'e': 0.4860499650812317}",25,0,-79.83313508324233,"{0: 20, 1: 0, 2: 3, 3: 0, 4: 2}",0
181,False,"{'a': 0.5, 'e': 0.4841057652209068}",30,0,-59.61620337443085,"{0: 22, 1: 5, 2: 1, 3: 1, 4: 1}",0
182,False,"{'a': 0.5, 'e': 0.48216934216002316}",20,0,-93.1944576344244,"{0: 14, 1: 1, 2: 2, 3: 2, 4: 1}",0
183,False,"{'a': 0.5, 'e': 0.48024066479138305}",30,0,-82.83596990037616,"{0: 21, 1: 3, 2: 4, 3: 1, 4: 1}",0
184,False,"{'a': 0.5, 'e': 0.47831970213221753}",30,19,10.556223590210346,"{0: 10, 1: 0, 2: 1, 3: 0, 4: 0}",1
185,False,"{'a': 0.5, 'e': 0.47640642332368865}",30,17,8.972800189515649,"{0: 12, 1: 0, 2: 1, 3: 0, 4: 0}",1
186,False,"{'a': 0.5, 'e': 0.47450079763039393}",20,0,-47.270769191634606,"{0: 15, 1: 1, 2: 2, 3: 2, 4: 0}",0
187,False,"{'a': 0.5, 'e': 0.47260279443987235}",20,0,-11.11346497247107,"{0: 17, 1: 1, 2: 1, 3: 1, 4: 0}",0
188,False,"{'a': 0.5, 'e': 0.47071238326211284}",20,0,-73.89527377544553,"{0: 13, 1: 2, 2: 4, 3: 0, 4: 1}",0
189,False,"{'a': 0.5, 'e': 0.4688295337290644}",30,10,23.582366536150808,"{0: 19, 1: 0, 2: 1, 3: 0, 4: 0}",1
190,False,"{'a': 0.5, 'e': 0.4669542155941481}",20,16,5.654023839802946,"{0: 4, 1: 0, 2: 0, 3: 0, 4: 0}",1
191,False,"{'a': 0.5, 'e': 0.46508639873177154}",20,5,-27.694100858479825,"{0: 12, 1: 2, 2: 0, 3: 0, 4: 1}",1
192,False,"{'a': 0.5, 'e': 0.46322605313684445}",20,0,-104.02834761493682,"{0: 14, 1: 1, 2: 2, 3: 1, 4: 2}",0
193,False,"{'a': 0.5, 'e': 0.46137314892429704}",20,7,0.23207110452976698,"{0: 11, 1: 0, 2: 2, 3: 0, 4: 0}",1
194,False,"{'a': 0.5, 'e': 0.4595276563285999}",30,15,8.633626816121012,"{0: 13, 1: 1, 2: 1, 3: 0, 4: 0}",1
195,False,"{'a': 0.5, 'e': 0.45768954570328546}",30,0,-111.14603081009797,"{0: 20, 1: 1, 2: 7, 3: 1, 4: 1}",0
196,False,"{'a': 0.5, 'e': 0.4558587875204723}",20,0,4.835340586618286,"{0: 17, 1: 2, 2: 1, 3: 0, 4: 0}",0
197,False,"{'a': 0.5, 'e': 0.45403535237039044}",20,0,-105.09561236804323,"{0: 13, 1: 1, 2: 4, 3: 0, 4: 2}",0
198,False,"{'a': 0.5, 'e': 0.4522192109609089}",20,2,6.001306292704369,"{0: 15, 1: 3, 2: 0, 3: 0, 4: 0}",1
199,False,"{'a': 0.5, 'e': 0.4504103341170652}",20,2,-5.903218753148477,"{0: 14, 1: 2, 2: 2, 3: 0, 4: 0}",1
200,False,"{'a': 0.5, 'e': 0.44860869278059695}",25,1,21.953411956132843,"{0: 23, 1: 0, 2: 1, 3: 0, 4: 0}",1
201,False,"{'a': 0.5, 'e': 0.4468142580094746}",20,0,5.3882156955079505,"{0: 18, 1: 1, 2: 1, 3: 0, 4: 0}",0
202,False,"{'a': 0.5, 'e': 0.4450270009774367}",20,4,-73.83562257604501,"{0: 12, 1: 1, 2: 1, 3: 0, 4: 2}",1
203,False,"{'a': 0.5, 'e': 0.44324689297352693}",25,0,7.8147130370080005,"{0: 22, 1: 1, 2: 2, 3: 0, 4: 0}",0
204,False,"{'a': 0.5, 'e': 0.44147390540163284}",20,8,-20.1578009588194,"{0: 8, 1: 1, 2: 3, 3: 0, 4: 0}",1
205,False,"{'a': 0.5, 'e': 0.4397080097800263}",20,0,-56.51508345790755,"{0: 16, 1: 1, 2: 1, 3: 1, 4: 1}",0
206,False,"{'a': 0.5, 'e': 0.4379491777409062}",20,9,6.988563856733418,"{0: 10, 1: 0, 2: 1, 3: 0, 4: 0}",1
207,False,"{'a': 0.5, 'e': 0.43619738102994254}",20,10,-80.82614737408343,"{0: 6, 1: 1, 2: 1, 3: 0, 4: 2}",1
208,False,"{'a': 0.5, 'e': 0.43445259150582277}",25,10,-34.249008508385124,"{0: 12, 1: 1, 2: 1, 3: 0, 4: 1}",1
209,False,"{'a': 0.5, 'e': 0.4327147811397995}",20,1,-47.571115907207485,"{0: 11, 1: 3, 2: 5, 3: 0, 4: 0}",1
210,False,"{'a': 0.5, 'e': 0.4309839220152403}",20,1,-97.81095362708601,"{0: 13, 1: 1, 2: 3, 3: 0, 4: 2}",1
211,False,"{'a': 0.5, 'e': 0.4292599863271793}",25,1,-38.8782184337645,"{0: 21, 1: 0, 2: 1, 3: 1, 4: 1}",1
212,False,"{'a': 0.5, 'e': 0.4275429463818706}",20,14,10.584320582999688,"{0: 6, 1: 0, 2: 0, 3: 0, 4: 0}",1
213,False,"{'a': 0.5, 'e': 0.4258327745963431}",35,17,11.889761243646646,"{0: 15, 1: 3, 2: 0, 3: 0, 4: 0}",1
214,False,"{'a': 0.5, 'e': 0.4241294434979578}",30,0,-38.123810076110715,"{0: 24, 1: 4, 2: 1, 3: 0, 4: 1}",0
215,False,"{'a': 0.5, 'e': 0.4224329257239659}",25,0,-34.257465990792085,"{0: 19, 1: 0, 2: 6, 3: 0, 4: 0}",0
216,False,"{'a': 0.5, 'e': 0.4207431940210701}",20,2,-24.474961759549934,"{0: 15, 1: 2, 2: 0, 3: 0, 4: 1}",1
217,False,"{'a': 0.5, 'e': 0.41906022124498576}",25,12,-21.39008089866478,"{0: 12, 1: 0, 2: 0, 3: 0, 4: 1}",1
218,False,"{'a': 0.5, 'e': 0.41738398036000585}",20,0,-1.5448350109020186,"{0: 17, 1: 1, 2: 2, 3: 0, 4: 0}",0
219,False,"{'a': 0.5, 'e': 0.4157144444385658}",20,0,3.7129783102121134,"{0: 18, 1: 0, 2: 2, 3: 0, 4: 0}",0
220,False,"{'a': 0.5, 'e': 0.41405158666081154}",20,10,-0.99082522376931,"{0: 8, 1: 1, 2: 1, 3: 0, 4: 0}",1
221,False,"{'a': 0.5, 'e': 0.4123953803141683}",20,13,-8.58300633731643,"{0: 5, 1: 1, 2: 1, 3: 0, 4: 0}",1
222,False,"{'a': 0.5, 'e': 0.4107457987929116}",25,0,2.123541675304807,"{0: 23, 1: 0, 2: 1, 3: 1, 4: 0}",0
223,False,"{'a': 0.5, 'e': 0.40910281559774}",20,7,8.951622406614103,"{0: 12, 1: 0, 2: 1, 3: 0, 4: 0}",1
224,False,"{'a': 0.5, 'e': 0.40746640433534903}",30,0,-23.908509031028306,"{0: 26, 1: 0, 2: 3, 3: 1, 4: 0}",0
225,False,"{'a': 0.5, 'e': 0.4058365387180076}",25,0,-26.76437694402273,"{0: 21, 1: 2, 2: 1, 3: 0, 4: 1}",0
226,False,"{'a': 0.5, 'e': 0.4042131925631356}",25,1,-50.17570980469867,"{0: 19, 1: 1, 2: 3, 3: 0, 4: 1}",1
227,False,"{'a': 0.5, 'e': 0.40259633979288306}",25,0,-79.48906895430957,"{0: 17, 1: 1, 2: 6, 3: 0, 4: 1}",0
228,False,"{'a': 0.5, 'e': 0.4009859544337115}",25,6,14.624890984334147,"{0: 17, 1: 0, 2: 2, 3: 0, 4: 0}",1
229,False,"{'a': 0.5, 'e': 0.39938201061597667}",20,1,-29.94127783483978,"{0: 16, 1: 0, 2: 2, 3: 0, 4: 1}",1
230,False,"{'a': 0.5, 'e': 0.39778448257351273}",25,0,-43.001591932222986,"{0: 20, 1: 2, 2: 2, 3: 0, 4: 1}",0
231,False,"{'a': 0.5, 'e': 0.3961933446432187}",25,0,-16.834268439918645,"{0: 20, 1: 0, 2: 5, 3: 0, 4: 0}",0
232,False,"{'a': 0.5, 'e': 0.3946085712646458}",20,0,23.474254963084544,"{0: 19, 1: 1, 2: 0, 3: 0, 4: 0}",0
233,False,"{'a': 0.5, 'e': 0.3930301369795872}",30,6,11.893384376159101,"{0: 21, 1: 1, 2: 2, 3: 0, 4: 0}",1
234,False,"{'a': 0.5, 'e': 0.3914580164316689}",25,0,27.972146127271444,"{0: 24, 1: 0, 2: 1, 3: 0, 4: 0}",0
235,False,"{'a': 0.5, 'e': 0.3898921843659422}",35,0,-21.463307093214127,"{0: 31, 1: 1, 2: 2, 3: 0, 4: 1}",0
236,False,"{'a': 0.5, 'e': 0.38833261562847843}",20,0,1.6208528962737647,"{0: 18, 1: 0, 2: 2, 3: 0, 4: 0}",0
237,False,"{'a': 0.5, 'e': 0.3867792851659645}",30,14,-44.24938161585269,"{0: 12, 1: 2, 2: 1, 3: 0, 4: 1}",1
238,False,"{'a': 0.5, 'e': 0.38523216802530064}",25,20,8.947625999433022,"{0: 5, 1: 0, 2: 0, 3: 0, 4: 0}",1
239,False,"{'a': 0.5, 'e': 0.38369123935319943}",20,14,-29.97965793945045,"{0: 5, 1: 0, 2: 0, 3: 0, 4: 1}",1
240,False,"{'a': 0.5, 'e': 0.38215647439578665}",20,0,-8.370121487279429,"{0: 19, 1: 0, 2: 0, 3: 0, 4: 1}",0
241,False,"{'a': 0.5, 'e': 0.3806278484982035}",25,15,-15.964111645433745,"{0: 8, 1: 0, 2: 1, 3: 1, 4: 0}",1
242,False,"{'a': 0.5, 'e': 0.3791053371042107}",25,7,-3.552380863838739,"{0: 14, 1: 2, 2: 2, 3: 0, 4: 0}",1
243,False,"{'a': 0.5, 'e': 0.37758891575579384}",20,7,-11.976934584188943,"{0: 10, 1: 0, 2: 3, 3: 0, 4: 0}",1
244,False,"{'a': 0.5, 'e': 0.3760785600927707}",25,0,14.141019401648972,"{0: 23, 1: 0, 2: 2, 3: 0, 4: 0}",0
245,False,"{'a': 0.5, 'e': 0.3745742458523996}",20,0,-19.79307869017875,"{0: 16, 1: 2, 2: 1, 3: 1, 4: 0}",0
246,False,"{'a': 0.5, 'e': 0.37307594886899}",20,0,-79.61199443213599,"{0: 16, 1: 0, 2: 2, 3: 0, 4: 2}",0
247,False,"{'a': 0.5, 'e': 0.37158364507351405}",20,0,23.223858945787622,"{0: 20, 1: 0, 2: 0, 3: 0, 4: 0}",0
248,False,"{'a': 0.5, 'e': 0.37009731049322}",20,0,-5.880863772318041,"{0: 16, 1: 2, 2: 2, 3: 0, 4: 0}",0
249,False,"{'a': 0.5, 'e': 0.3686169212512471}",30,3,-72.1599430576141,"{0: 21, 1: 2, 2: 1, 3: 2, 4: 1}",1
250,False,"{'a': 0.5, 'e': 0.3671424535662421}",25,0,-175.4274851869934,"{0: 16, 1: 1, 2: 3, 3: 2, 4: 3}",0
251,False,"{'a': 0.5, 'e': 0.3656738837519771}",20,0,-26.642016948971047,"{0: 14, 1: 2, 2: 4, 3: 0, 4: 0}",0
252,False,"{'a': 0.5, 'e': 0.36421118821696924}",20,5,8.691260137382955,"{0: 13, 1: 1, 2: 1, 3: 0, 4: 0}",1
253,False,"{'a': 0.5, 'e': 0.36275434346410135}",35,0,-20.919174064647596,"{0: 30, 1: 1, 2: 3, 3: 1, 4: 0}",0
254,False,"{'a': 0.5, 'e': 0.36130332609024496}",25,8,2.404972296398243,"{0: 15, 1: 0, 2: 2, 3: 0, 4: 0}",1
255,False,"{'a': 0.5, 'e': 0.359858112785884}",25,8,-78.50404580715352,"{0: 13, 1: 0, 2: 2, 3: 0, 4: 2}",1
256,False,"{'a': 0.5, 'e': 0.35841868033474045}",20,0,12.139885697809856,"{0: 18, 1: 1, 2: 1, 3: 0, 4: 0}",0
257,False,"{'a': 0.5, 'e': 0.35698500561340146}",30,8,-41.32921843940352,"{0: 18, 1: 0, 2: 3, 3: 0, 4: 1}",1
258,False,"{'a': 0.5, 'e': 0.35555706559094785}",25,11,-17.34976074805218,"{0: 13, 1: 0, 2: 0, 3: 0, 4: 1}",1
259,False,"{'a': 0.5, 'e': 0.3541348373285841}",30,11,-2.138441113367974,"{0: 15, 1: 2, 2: 2, 3: 0, 4: 0}",1
260,False,"{'a': 0.5, 'e': 0.35271829797926973}",25,14,14.627539715335415,"{0: 11, 1: 0, 2: 0, 3: 0, 4: 0}",1
261,False,"{'a': 0.5, 'e': 0.35130742478735266}",20,10,17.86497838935015,"{0: 10, 1: 0, 2: 0, 3: 0, 4: 0}",1
262,False,"{'a': 0.5, 'e': 0.34990219508820325}",35,19,-51.350299513650654,"{0: 11, 1: 2, 2: 2, 3: 0, 4: 1}",1
263,False,"{'a': 0.5, 'e': 0.3485025863078504}",20,0,-50.86172230185367,"{0: 17, 1: 0, 2: 1, 3: 1, 4: 1}",0
264,False,"{'a': 0.5, 'e': 0.347108575962619}",20,0,-20.195366183679944,"{0: 16, 1: 2, 2: 1, 3: 1, 4: 0}",0
265,False,"{'a': 0.5, 'e': 0.3457201416587685}",20,5,-89.36951793036665,"{0: 11, 1: 0, 2: 1, 3: 1, 4: 2}",1
266,False,"{'a': 0.5, 'e': 0.3443372610921335}",20,0,-26.030393367660466,"{0: 17, 1: 0, 2: 1, 3: 2, 4: 0}",0
267,False,"{'a': 0.5, 'e': 0.34295991204776494}",35,19,-16.747798002255266,"{0: 14, 1: 0, 2: 0, 3: 2, 4: 0}",1
268,False,"{'a': 0.5, 'e': 0.34158807239957384}",25,16,7.985193255810655,"{0: 8, 1: 0, 2: 1, 3: 0, 4: 0}",1
269,False,"{'a': 0.5, 'e': 0.3402217201099756}",20,7,8.555582035685704,"{0: 12, 1: 0, 2: 1, 3: 0, 4: 0}",1
270,False,"{'a': 0.5, 'e': 0.33886083322953564}",25,7,-31.871027190187778,"{0: 15, 1: 0, 2: 2, 3: 0, 4: 1}",1
271,False,"{'a': 0.5, 'e': 0.3375053898966175}",20,13,-11.173760725759049,"{0: 6, 1: 0, 2: 0, 3: 1, 4: 0}",1
272,False,"{'a': 0.5, 'e': 0.336155368337031}",30,12,23.311574428456066,"{0: 17, 1: 1, 2: 0, 3: 0, 4: 0}",1
273,False,"{'a': 0.5, 'e': 0.33481074686368295}",25,12,23.913599194994934,"{0: 13, 1: 0, 2: 0, 3: 0, 4: 0}",1
274,False,"{'a': 0.5, 'e': 0.3334715038762282}",20,5,-15.46762389320554,"{0: 12, 1: 0, 2: 2, 3: 1, 4: 0}",1
275,False,"{'a': 0.5, 'e': 0.33213761786072327}",25,0,-170.9692569457128,"{0: 18, 1: 1, 2: 1, 3: 1, 4: 4}",0
276,False,"{'a': 0.5, 'e': 0.3308090673892804}",25,3,19.797135337415657,"{0: 21, 1: 0, 2: 0, 3: 1, 4: 0}",1
277,False,"{'a': 0.5, 'e': 0.32948583111972324}",20,10,8.956035633967868,"{0: 9, 1: 0, 2: 1, 3: 0, 4: 0}",1
278,False,"{'a': 0.5, 'e': 0.32816788779524436}",20,0,15.564409556555077,"{0: 19, 1: 0, 2: 1, 3: 0, 4: 0}",0
279,False,"{'a': 0.5, 'e': 0.3268552162440634}",25,11,2.1556991536581944,"{0: 12, 1: 0, 2: 2, 3: 0, 4: 0}",1
280,False,"{'a': 0.5, 'e': 0.3255477953790871}",20,10,-2.617193988884464,"{0: 9, 1: 0, 2: 0, 3: 1, 4: 0}",1
281,False,"{'a': 0.5, 'e': 0.3242456041975708}",20,0,18.157644435435067,"{0: 19, 1: 0, 2: 1, 3: 0, 4: 0}",0
282,False,"{'a': 0.5, 'e': 0.3229486217807805}",25,15,5.066417026192622,"{0: 9, 1: 0, 2: 1, 3: 0, 4: 0}",1
283,False,"{'a': 0.5, 'e': 0.32165682729365735}",25,14,11.711559529970891,"{0: 10, 1: 0, 2: 1, 3: 0, 4: 0}",1
284,False,"{'a': 0.5, 'e': 0.32037019998448274}",25,18,10.43058037464618,"{0: 7, 1: 0, 2: 0, 3: 0, 4: 0}",1
285,False,"{'a': 0.5, 'e': 0.3190887191845448}",25,13,-0.7773537845525631,"{0: 10, 1: 0, 2: 2, 3: 0, 4: 0}",1
286,False,"{'a': 0.5, 'e': 0.3178123643078066}",20,8,18.769116807016395,"{0: 12, 1: 0, 2: 0, 3: 0, 4: 0}",1
287,False,"{'a': 0.5, 'e': 0.3165411148505754}",25,14,-5.256910601494025,"{0: 9, 1: 0, 2: 2, 3: 0, 4: 0}",1
288,False,"{'a': 0.5, 'e': 0.3152749503911731}",25,7,-54.43318539332768,"{0: 13, 1: 1, 2: 3, 3: 0, 4: 1}",1
289,False,"{'a': 0.5, 'e': 0.3140138505896084}",20,9,-33.013128353903454,"{0: 8, 1: 0, 2: 1, 3: 2, 4: 0}",1
290,False,"{'a': 0.5, 'e': 0.31275779518725}",20,6,0.41279923094677407,"{0: 13, 1: 0, 2: 0, 3: 1, 4: 0}",1
291,False,"{'a': 0.5, 'e': 0.31150676400650096}",20,9,-38.892728831711246,"{0: 8, 1: 1, 2: 1, 3: 0, 4: 1}",1
292,False,"{'a': 0.5, 'e': 0.31026073695047496}",20,10,10.596658180058023,"{0: 9, 1: 1, 2: 0, 3: 0, 4: 0}",1
293,False,"{'a': 0.5, 'e': 0.30901969400267304}",35,9,43.40432738093341,"{0: 26, 1: 0, 2: 0, 3: 0, 4: 0}",1
294,False,"{'a': 0.5, 'e': 0.30778361522666237}",20,11,-7.752063254186387,"{0: 7, 1: 0, 2: 2, 3: 0, 4: 0}",1
295,False,"{'a': 0.5, 'e': 0.3065524807657557}",20,9,-6.555869545088769,"{0: 8, 1: 2, 2: 1, 3: 0, 4: 0}",1
296,False,"{'a': 0.5, 'e': 0.3053262708426927}",25,3,-11.624836320457534,"{0: 20, 1: 1, 2: 0, 3: 0, 4: 1}",1
297,False,"{'a': 0.5, 'e': 0.30410496575932194}",20,13,14.617693540696692,"{0: 7, 1: 0, 2: 0, 3: 0, 4: 0}",1
298,False,"{'a': 0.5, 'e': 0.3028885458962846}",25,11,-16.024251161201395,"{0: 11, 1: 1, 2: 1, 3: 1, 4: 0}",1
299,False,"{'a': 0.5, 'e': 0.3016769917126995}",20,8,-19.121539002654877,"{0: 9, 1: 0, 2: 3, 3: 0, 4: 0}",1
300,False,"{'a': 0.5, 'e': 0.3004702837458487}",20,0,0.9980055358818993,"{0: 17, 1: 1, 2: 2, 3: 0, 4: 0}",0
301,False,"{'a': 0.5, 'e': 0.2992684026108653}",25,7,-5.273797269571228,"{0: 17, 1: 0, 2: 0, 3: 0, 4: 1}",1
302,False,"{'a': 0.5, 'e': 0.2980713290004218}",30,10,20.01779771253589,"{0: 19, 1: 0, 2: 1, 3: 0, 4: 0}",1
303,False,"{'a': 0.5, 'e': 0.29687904368442014}",20,0,29.603773029400585,"{0: 20, 1: 0, 2: 0, 3: 0, 4: 0}",1
304,False,"{'a': 0.5, 'e': 0.2956915275096825}",25,16,16.815608683217153,"{0: 9, 1: 0, 2: 0, 3: 0, 4: 0}",1
305,False,"{'a': 0.5, 'e': 0.2945087613996437}",20,0,-6.668214010829423,"{0: 18, 1: 0, 2: 1, 3: 1, 4: 0}",0
306,False,"{'a': 0.5, 'e': 0.29333072635404517}",35,24,-27.910296894691218,"{0: 9, 1: 1, 2: 0, 3: 0, 4: 1}",1
307,False,"{'a': 0.5, 'e': 0.292157403448629}",25,10,11.993050172921347,"{0: 14, 1: 0, 2: 1, 3: 0, 4: 0}",1
308,False,"{'a': 0.5, 'e': 0.29098877383483446}",20,0,-22.94472685708599,"{0: 16, 1: 1, 2: 2, 3: 1, 4: 0}",0
309,False,"{'a': 0.5, 'e': 0.2898248187394951}",20,6,-58.49537549511819,"{0: 12, 1: 0, 2: 0, 3: 0, 4: 2}",1
310,False,"{'a': 0.5, 'e': 0.28866551946453717}",20,10,15.754376075629658,"{0: 10, 1: 0, 2: 0, 3: 0, 4: 0}",1
311,False,"{'a': 0.5, 'e': 0.287510857386679}",30,11,-10.034788296644649,"{0: 16, 1: 1, 2: 1, 3: 1, 4: 0}",1
312,False,"{'a': 0.5, 'e': 0.28636081395713225}",20,5,-19.601255823334114,"{0: 14, 1: 0, 2: 0, 3: 0, 4: 1}",1
313,False,"{'a': 0.5, 'e': 0.28521537070130376}",20,0,18.608733191579713,"{0: 18, 1: 2, 2: 0, 3: 0, 4: 0}",0
314,False,"{'a': 0.5, 'e': 0.2840745092184985}",20,4,-9.800440585523361,"{0: 13, 1: 0, 2: 3, 3: 0, 4: 0}",1
315,False,"{'a': 0.5, 'e': 0.28293821118162454}",20,0,-61.99991220706341,"{0: 17, 1: 0, 2: 1, 3: 0, 4: 2}",0
316,False,"{'a': 0.5, 'e': 0.28180645833689805}",25,8,22.7111124024247,"{0: 17, 1: 0, 2: 0, 3: 0, 4: 0}",1
317,False,"{'a': 0.5, 'e': 0.2806792325035504}",20,14,13.012535687778108,"{0: 6, 1: 0, 2: 0, 3: 0, 4: 0}",1
318,False,"{'a': 0.5, 'e': 0.2795565155735362}",20,11,15.326863581903817,"{0: 9, 1: 0, 2: 0, 3: 0, 4: 0}",1
319,False,"{'a': 0.5, 'e': 0.2784382895112421}",20,8,18.681891630933396,"{0: 12, 1: 0, 2: 0, 3: 0, 4: 0}",1
320,False,"{'a': 0.5, 'e': 0.27732453635319715}",30,11,-21.23888774164012,"{0: 17, 1: 0, 2: 1, 3: 0, 4: 1}",1
321,False,"{'a': 0.5, 'e': 0.2762152382077843}",25,16,14.852245094781974,"{0: 9, 1: 0, 2: 0, 3: 0, 4: 0}",1
322,False,"{'a': 0.5, 'e': 0.2751103772549532}",25,2,32.595096081332954,"{0: 23, 1: 0, 2: 0, 3: 0, 4: 0}",1
323,False,"{'a': 0.5, 'e': 0.2740099357459334}",25,4,-30.284720976355096,"{0: 19, 1: 0, 2: 0, 3: 1, 4: 1}",1
324,False,"{'a': 0.5, 'e': 0.27291389600294963}",25,17,15.175379316434523,"{0: 8, 1: 0, 2: 0, 3: 0, 4: 0}",1
325,False,"{'a': 0.5, 'e': 0.2718222404189379}",30,13,-67.83478190143873,"{0: 13, 1: 2, 2: 0, 3: 0, 4: 2}",1
326,False,"{'a': 0.5, 'e': 0.2707349514572621}",25,2,24.11968094251022,"{0: 22, 1: 0, 2: 1, 3: 0, 4: 0}",1
327,False,"{'a': 0.5, 'e': 0.26965201165143304}",25,3,-5.189980051085261,"{0: 21, 1: 0, 2: 0, 3: 0, 4: 1}",1
328,False,"{'a': 0.5, 'e': 0.26857340360482734}",25,10,-14.431917723103467,"{0: 14, 1: 0, 2: 0, 3: 0, 4: 1}",1
329,False,"{'a': 0.5, 'e': 0.267499109990408}",30,13,12.696351682563806,"{0: 15, 1: 1, 2: 1, 3: 0, 4: 0}",1
330,False,"{'a': 0.5, 'e': 0.26642911355044635}",25,14,10.565197807397407,"{0: 10, 1: 1, 2: 0, 3: 0, 4: 0}",1
331,False,"{'a': 0.5, 'e': 0.26536339709624457}",25,7,19.237476424317208,"{0: 17, 1: 0, 2: 1, 3: 0, 4: 0}",1
332,False,"{'a': 0.5, 'e': 0.2643019435078596}",25,0,30.27195264572041,"{0: 24, 1: 0, 2: 1, 3: 0, 4: 0}",0
333,False,"{'a': 0.5, 'e': 0.2632447357338282}",20,15,3.220074103225345,"{0: 4, 1: 1, 2: 0, 3: 0, 4: 0}",1
334,False,"{'a': 0.5, 'e': 0.26219175679089285}",20,10,20.70133260782483,"{0: 10, 1: 0, 2: 0, 3: 0, 4: 0}",1
335,False,"{'a': 0.5, 'e': 0.2611429897637293}",30,0,26.788077642774017,"{0: 28, 1: 1, 2: 1, 3: 0, 4: 0}",0
336,False,"{'a': 0.5, 'e': 0.26009841780467435}",35,18,-59.86464134909935,"{0: 11, 1: 2, 2: 3, 3: 0, 4: 1}",1
337,False,"{'a': 0.5, 'e': 0.2590580241334557}",20,6,-49.98451590695289,"{0: 11, 1: 0, 2: 1, 3: 1, 4: 1}",1
338,False,"{'a': 0.5, 'e': 0.2580217920369218}",20,8,0.27244436929321614,"{0: 11, 1: 0, 2: 0, 3: 1, 4: 0}",1
339,False,"{'a': 0.5, 'e': 0.25698970486877415}",25,7,29.15344854055911,"{0: 18, 1: 0, 2: 0, 3: 0, 4: 0}",1
340,False,"{'a': 0.5, 'e': 0.25596174604929905}",20,1,14.61344844305581,"{0: 18, 1: 0, 2: 1, 3: 0, 4: 0}",1
341,False,"{'a': 0.5, 'e': 0.25493789906510184}",20,0,-60.88624862929767,"{0: 17, 1: 1, 2: 0, 3: 0, 4: 2}",0
342,False,"{'a': 0.5, 'e': 0.25391814746884145}",25,17,10.054572338841396,"{0: 7, 1: 1, 2: 0, 3: 0, 4: 0}",1
343,False,"{'a': 0.5, 'e': 0.2529024748789661}",20,0,-6.489989827814165,"{0: 17, 1: 1, 2: 2, 3: 0, 4: 0}",0
344,False,"{'a': 0.5, 'e': 0.25189086497945024}",25,8,20.948396543925906,"{0: 16, 1: 0, 2: 1, 3: 0, 4: 0}",1
345,False,"{'a': 0.5, 'e': 0.2508833015195324}",30,2,-6.980547268801129,"{0: 24, 1: 0, 2: 4, 3: 0, 4: 0}",1
346,False,"{'a': 0.5, 'e': 0.2498797683134543}",25,14,15.797574175688105,"{0: 10, 1: 1, 2: 0, 3: 0, 4: 0}",1
347,False,"{'a': 0.5, 'e': 0.24888024924020047}",20,12,-9.855552653062814,"{0: 6, 1: 0, 2: 2, 3: 0, 4: 0}",1
348,False,"{'a': 0.5, 'e': 0.24788472824323968}",35,21,-13.880782923191623,"{0: 13, 1: 0, 2: 0, 3: 0, 4: 1}",1
349,False,"{'a': 0.5, 'e': 0.24689318933026672}",25,5,-58.95338510081614,"{0: 16, 1: 0, 2: 2, 3: 1, 4: 1}",1
350,False,"{'a': 0.5, 'e': 0.24590561657294563}",20,4,6.531088236862798,"{0: 14, 1: 1, 2: 1, 3: 0, 4: 0}",1
351,False,"{'a': 0.5, 'e': 0.24492199410665386}",30,18,22.73402596360554,"{0: 12, 1: 0, 2: 0, 3: 0, 4: 0}",1
352,False,"{'a': 0.5, 'e': 0.24394230613022724}",20,5,8.978516645270805,"{0: 14, 1: 0, 2: 1, 3: 0, 4: 0}",1
353,False,"{'a': 0.5, 'e': 0.24296653690570633}",25,0,-25.47914186549649,"{0: 22, 1: 0, 2: 2, 3: 0, 4: 1}",0
354,False,"{'a': 0.5, 'e': 0.2419946707580835}",20,0,26.497581908913492,"{0: 19, 1: 0, 2: 1, 3: 0, 4: 0}",1
355,False,"{'a': 0.5, 'e': 0.24102669207505117}",20,5,3.0387238476571197,"{0: 13, 1: 0, 2: 2, 3: 0, 4: 0}",1
356,False,"{'a': 0.5, 'e': 0.24006258530675095}",20,0,-1.7975336637973465,"{0: 18, 1: 1, 2: 0, 3: 1, 4: 0}",0
357,False,"{'a': 0.5, 'e': 0.23910233496552397}",25,8,-12.297389516776427,"{0: 16, 1: 0, 2: 0, 3: 0, 4: 1}",1
358,False,"{'a': 0.5, 'e': 0.23814592562566186}",25,17,2.8008360877412883,"{0: 7, 1: 0, 2: 1, 3: 0, 4: 0}",1
359,False,"{'a': 0.5, 'e': 0.23719334192315922}",25,11,-7.004505441142626,"{0: 11, 1: 0, 2: 3, 3: 0, 4: 0}",1
360,False,"{'a': 0.5, 'e': 0.23624456855546658}",25,9,-13.050479597943964,"{0: 11, 1: 4, 2: 1, 3: 0, 4: 0}",1
361,False,"{'a': 0.5, 'e': 0.2352995902812447}",25,17,16.30362832302723,"{0: 8, 1: 0, 2: 0, 3: 0, 4: 0}",1
362,False,"{'a': 0.5, 'e': 0.23435839192011973}",25,0,19.854642913472045,"{0: 23, 1: 1, 2: 1, 3: 0, 4: 0}",0
363,False,"{'a': 0.5, 'e': 0.23342095835243926}",30,16,15.19522073485803,"{0: 13, 1: 0, 2: 1, 3: 0, 4: 0}",1
364,False,"{'a': 0.5, 'e': 0.23248727451902948}",30,20,7.992276574208696,"{0: 9, 1: 0, 2: 1, 3: 0, 4: 0}",1
365,False,"{'a': 0.5, 'e': 0.23155732542095336}",30,23,16.47234834867142,"{0: 7, 1: 0, 2: 0, 3: 0, 4: 0}",1
366,False,"{'a': 0.5, 'e': 0.23063109611926955}",25,6,25.30212158080574,"{0: 18, 1: 0, 2: 1, 3: 0, 4: 0}",1
367,False,"{'a': 0.5, 'e': 0.22970857173479248}",30,16,22.203092992534856,"{0: 14, 1: 0, 2: 0, 3: 0, 4: 0}",1
368,False,"{'a': 0.5, 'e': 0.2287897374478533}",20,13,11.827361600966993,"{0: 7, 1: 0, 2: 0, 3: 0, 4: 0}",1
369,False,"{'a': 0.5, 'e': 0.2278745784980619}",30,5,-7.113469468996698,"{0: 21, 1: 1, 2: 2, 3: 1, 4: 0}",1
370,False,"{'a': 0.5, 'e': 0.22696308018406963}",25,14,15.26224100094437,"{0: 11, 1: 0, 2: 0, 3: 0, 4: 0}",1
371,False,"{'a': 0.5, 'e': 0.22605522786333337}",20,7,0.9837995880186703,"{0: 12, 1: 0, 2: 0, 3: 1, 4: 0}",1
372,False,"{'a': 0.5, 'e': 0.22515100695188003}",25,17,15.274354987583246,"{0: 8, 1: 0, 2: 0, 3: 0, 4: 0}",1
373,False,"{'a': 0.5, 'e': 0.2242504029240725}",20,11,3.165242939647558,"{0: 8, 1: 0, 2: 1, 3: 0, 4: 0}",1
374,False,"{'a': 0.5, 'e': 0.22335340131237622}",20,6,22.213241439373963,"{0: 14, 1: 0, 2: 0, 3: 0, 4: 0}",1
375,False,"{'a': 0.5, 'e': 0.22245998770712672}",30,5,7.288913341240198,"{0: 22, 1: 1, 2: 2, 3: 0, 4: 0}",1
376,False,"{'a': 0.5, 'e': 0.2215701477562982}",25,16,9.24765847142796,"{0: 8, 1: 1, 2: 0, 3: 0, 4: 0}",1
377,False,"{'a': 0.5, 'e': 0.22068386716527302}",20,0,-34.041737833420896,"{0: 18, 1: 0, 2: 0, 3: 1, 4: 1}",0
378,False,"{'a': 0.5, 'e': 0.21980113169661192}",25,15,-4.694256778895085,"{0: 8, 1: 0, 2: 2, 3: 0, 4: 0}",1
379,False,"{'a': 0.5, 'e': 0.21892192716982548}",30,20,20.258331610383266,"{0: 10, 1: 0, 2: 0, 3: 0, 4: 0}",1
380,False,"{'a': 0.5, 'e': 0.21804623946114618}",35,18,22.988818973459047,"{0: 16, 1: 1, 2: 0, 3: 0, 4: 0}",1
381,False,"{'a': 0.5, 'e': 0.21717405450330157}",35,17,22.78257134287967,"{0: 17, 1: 1, 2: 0, 3: 0, 4: 0}",1
382,False,"{'a': 0.5, 'e': 0.21630535828528838}",20,0,30.98749130696473,"{0: 20, 1: 0, 2: 0, 3: 0, 4: 0}",0
383,False,"{'a': 0.5, 'e': 0.21544013685214722}",20,2,-63.635710490427755,"{0: 15, 1: 0, 2: 1, 3: 0, 4: 2}",1
384,False,"{'a': 0.5, 'e': 0.21457837630473864}",30,0,-0.19002409430044587,"{0: 29, 1: 0, 2: 0, 3: 0, 4: 1}",0
385,False,"{'a': 0.5, 'e': 0.2137200627995197}",20,0,-16.45413151544538,"{0: 18, 1: 1, 2: 0, 3: 0, 4: 1}",0
386,False,"{'a': 0.5, 'e': 0.2128651825483216}",20,13,1.6607251902972482,"{0: 6, 1: 0, 2: 1, 3: 0, 4: 0}",1
387,False,"{'a': 0.5, 'e': 0.2120137218181283}",25,19,-0.33723007837149943,"{0: 5, 1: 0, 2: 1, 3: 0, 4: 0}",1
388,False,"{'a': 0.5, 'e': 0.21116566693085578}",25,11,22.633919997808874,"{0: 14, 1: 0, 2: 0, 3: 0, 4: 0}",1
389,False,"{'a': 0.5, 'e': 0.21032100426313238}",20,13,12.488300632925176,"{0: 7, 1: 0, 2: 0, 3: 0, 4: 0}",1
390,False,"{'a': 0.5, 'e': 0.20947972024607983}",25,6,-34.64695223259286,"{0: 16, 1: 0, 2: 2, 3: 0, 4: 1}",1
391,False,"{'a': 0.5, 'e': 0.20864180136509552}",20,0,15.469689536349373,"{0: 19, 1: 0, 2: 1, 3: 0, 4: 0}",0
392,False,"{'a': 0.5, 'e': 0.20780723415963515}",30,13,0.3323691940983664,"{0: 14, 1: 1, 2: 2, 3: 0, 4: 0}",1
393,False,"{'a': 0.5, 'e': 0.20697600522299658}",30,16,-39.01417262014576,"{0: 11, 1: 0, 2: 2, 3: 0, 4: 1}",1
394,False,"{'a': 0.5, 'e': 0.2061481012021046}",25,0,-62.20349995595596,"{0: 21, 1: 1, 2: 1, 3: 0, 4: 2}",0
395,False,"{'a': 0.5, 'e': 0.2053235087972962}",30,8,43.42258416014979,"{0: 22, 1: 0, 2: 0, 3: 0, 4: 0}",1
396,False,"{'a': 0.5, 'e': 0.204502214762107}",20,0,20.982699719296985,"{0: 19, 1: 0, 2: 1, 3: 0, 4: 0}",1
397,False,"{'a': 0.5, 'e': 0.20368420590305858}",20,6,-30.712301550404128,"{0: 12, 1: 0, 2: 1, 3: 0, 4: 1}",1
398,False,"{'a': 0.5, 'e': 0.20286946907944634}",30,16,22.487954663550607,"{0: 14, 1: 0, 2: 0, 3: 0, 4: 0}",1
399,False,"{'a': 0.5, 'e': 0.20205799120312856}",25,16,17.503390354931813,"{0: 9, 1: 0, 2: 0, 3: 0, 4: 0}",1
400,False,"{'a': 0.5, 'e': 0.20124975923831603}",25,12,12.180031964760987,"{0: 12, 1: 0, 2: 1, 3: 0, 4: 0}",1
401,False,"{'a': 0.5, 'e': 0.2004447602013628}",25,16,17.267367772504947,"{0: 9, 1: 0, 2: 0, 3: 0, 4: 0}",1
402,False,"{'a': 0.5, 'e': 0.19964298116055731}",20,0,13.363046974176005,"{0: 19, 1: 0, 2: 0, 3: 1, 4: 0}",0
403,False,"{'a': 0.5, 'e': 0.1988444092359151}",20,12,2.255025848697051,"{0: 7, 1: 0, 2: 1, 3: 0, 4: 0}",1
404,False,"{'a': 0.5, 'e': 0.19804903159897144}",25,14,17.736842647491002,"{0: 11, 1: 0, 2: 0, 3: 0, 4: 0}",1
405,False,"{'a': 0.5, 'e': 0.19725683547257555}",20,7,20.917754794252872,"{0: 13, 1: 0, 2: 0, 3: 0, 4: 0}",1
406,False,"{'a': 0.5, 'e': 0.19646780813068523}",30,8,17.510409261963744,"{0: 19, 1: 2, 2: 1, 3: 0, 4: 0}",1
407,False,"{'a': 0.5, 'e': 0.19568193689816252}",20,14,10.629977697161705,"{0: 6, 1: 0, 2: 0, 3: 0, 4: 0}",1
408,False,"{'a': 0.5, 'e': 0.19489920915056985}",30,0,-58.77032067626384,"{0: 26, 1: 1, 2: 1, 3: 0, 4: 2}",0
409,False,"{'a': 0.5, 'e': 0.19411961231396757}",30,5,-21.773370957572865,"{0: 22, 1: 1, 2: 1, 3: 0, 4: 1}",1
410,False,"{'a': 0.5, 'e': 0.1933431338647117}",25,9,30.111930040656034,"{0: 16, 1: 0, 2: 0, 3: 0, 4: 0}",1
411,False,"{'a': 0.5, 'e': 0.19256976132925285}",20,14,1.499926927571966,"{0: 5, 1: 0, 2: 1, 3: 0, 4: 0}",1
412,False,"{'a': 0.5, 'e': 0.19179948228393584}",20,8,9.742233872345864,"{0: 11, 1: 0, 2: 1, 3: 0, 4: 0}",1
413,False,"{'a': 0.5, 'e': 0.1910322843548001}",20,6,13.790888088994455,"{0: 13, 1: 0, 2: 1, 3: 0, 4: 0}",1
414,False,"{'a': 0.5, 'e': 0.19026815521738089}",25,0,-18.20973684661632,"{0: 23, 1: 0, 2: 1, 3: 0, 4: 1}",0
415,False,"{'a': 0.5, 'e': 0.18950708259651136}",30,10,-21.31041174288351,"{0: 18, 1: 0, 2: 1, 3: 0, 4: 1}",1
416,False,"{'a': 0.5, 'e': 0.18874905426612532}",20,7,-4.500811406190093,"{0: 11, 1: 1, 2: 0, 3: 1, 4: 0}",1
417,False,"{'a': 0.5, 'e': 0.18799405804906083}",20,0,31.285221545108058,"{0: 20, 1: 0, 2: 0, 3: 0, 4: 0}",1
418,False,"{'a': 0.5, 'e': 0.18724208181686458}",30,0,-49.256011712341646,"{0: 24, 1: 1, 2: 4, 3: 0, 4: 1}",0
419,False,"{'a': 0.5, 'e': 0.18649311348959713}",35,16,-22.35565683015451,"{0: 15, 1: 0, 2: 3, 3: 1, 4: 0}",1
420,False,"{'a': 0.5, 'e': 0.18574714103563872}",25,13,-19.403949682664393,"{0: 11, 1: 0, 2: 0, 3: 0, 4: 1}",1
421,False,"{'a': 0.5, 'e': 0.18500415247149618}",20,14,11.835411179087576,"{0: 6, 1: 0, 2: 0, 3: 0, 4: 0}",1
422,False,"{'a': 0.5, 'e': 0.1842641358616102}",25,16,-32.35044808753121,"{0: 7, 1: 1, 2: 0, 3: 0, 4: 1}",1
423,False,"{'a': 0.5, 'e': 0.18352707931816375}",25,9,10.552554080355387,"{0: 15, 1: 0, 2: 0, 3: 1, 4: 0}",1
424,False,"{'a': 0.5, 'e': 0.1827929710008911}",25,7,-23.1254774010255,"{0: 16, 1: 0, 2: 1, 3: 0, 4: 1}",1
425,False,"{'a': 0.5, 'e': 0.18206179911688752}",25,0,-33.15660188490003,"{0: 21, 1: 1, 2: 2, 3: 0, 4: 1}",0
426,False,"{'a': 0.5, 'e': 0.18133355192041997}",20,6,2.3410717102944387,"{0: 12, 1: 0, 2: 2, 3: 0, 4: 0}",1
427,False,"{'a': 0.5, 'e': 0.1806082177127383}",25,15,21.421365475920258,"{0: 10, 1: 0, 2: 0, 3: 0, 4: 0}",1
428,False,"{'a': 0.5, 'e': 0.17988578484188733}",25,18,1.8932471594960882,"{0: 6, 1: 0, 2: 1, 3: 0, 4: 0}",1
429,False,"{'a': 0.5, 'e': 0.1791662417025198}",20,12,-11.246498536478631,"{0: 5, 1: 2, 2: 1, 3: 0, 4: 0}",1
430,False,"{'a': 0.5, 'e': 0.17844957673570971}",25,4,20.099624120267958,"{0: 20, 1: 0, 2: 1, 3: 0, 4: 0}",1
431,False,"{'a': 0.5, 'e': 0.17773577842876687}",25,13,13.853639259277264,"{0: 11, 1: 0, 2: 1, 3: 0, 4: 0}",1
432,False,"{'a': 0.5, 'e': 0.1770248353150518}",25,16,18.717585135710713,"{0: 9, 1: 0, 2: 0, 3: 0, 4: 0}",1
433,False,"{'a': 0.5, 'e': 0.1763167359737916}",25,17,12.211589886440846,"{0: 8, 1: 0, 2: 0, 3: 0, 4: 0}",1
434,False,"{'a': 0.5, 'e': 0.17561146902989644}",20,12,3.6348468651927286,"{0: 7, 1: 0, 2: 1, 3: 0, 4: 0}",1
435,False,"{'a': 0.5, 'e': 0.17490902315377685}",25,8,16.228406768397967,"{0: 16, 1: 0, 2: 1, 3: 0, 4: 0}",1
436,False,"{'a': 0.5, 'e': 0.17420938706116174}",25,15,-32.889223559892464,"{0: 8, 1: 0, 2: 1, 3: 0, 4: 1}",1
437,False,"{'a': 0.5, 'e': 0.17351254951291709}",25,0,15.186497489728303,"{0: 23, 1: 0, 2: 2, 3: 0, 4: 0}",0
438,False,"{'a': 0.5, 'e': 0.17281849931486543}",20,2,8.269091439820766,"{0: 16, 1: 0, 2: 2, 3: 0, 4: 0}",1
439,False,"{'a': 0.5, 'e': 0.17212722531760596}",20,12,14.034059224798185,"{0: 8, 1: 0, 2: 0, 3: 0, 4: 0}",1
440,False,"{'a': 0.5, 'e': 0.17143871641633554}",20,9,8.223117378242597,"{0: 10, 1: 0, 2: 1, 3: 0, 4: 0}",1
441,False,"{'a': 0.5, 'e': 0.17075296155067018}",30,16,11.638240353765795,"{0: 13, 1: 0, 2: 1, 3: 0, 4: 0}",1
442,False,"{'a': 0.5, 'e': 0.1700699497044675}",20,12,16.308213153213938,"{0: 8, 1: 0, 2: 0, 3: 0, 4: 0}",1
443,False,"{'a': 0.5, 'e': 0.16938966990564963}",25,11,2.8918519328008685,"{0: 12, 1: 0, 2: 2, 3: 0, 4: 0}",1
444,False,"{'a': 0.5, 'e': 0.16871211122602703}",35,2,-6.53385384835101,"{0: 30, 1: 2, 2: 0, 3: 0, 4: 1}",1
445,False,"{'a': 0.5, 'e': 0.16803726278112294}",25,14,20.036911783872142,"{0: 11, 1: 0, 2: 0, 3: 0, 4: 0}",1
446,False,"{'a': 0.5, 'e': 0.16736511372999843}",20,11,14.15102069383715,"{0: 9, 1: 0, 2: 0, 3: 0, 4: 0}",1
447,False,"{'a': 0.5, 'e': 0.16669565327507843}",20,7,-18.939238964491906,"{0: 12, 1: 0, 2: 0, 3: 0, 4: 1}",1
448,False,"{'a': 0.5, 'e': 0.16602887066197813}",20,0,35.33204755714549,"{0: 20, 1: 0, 2: 0, 3: 0, 4: 0}",0
449,False,"{'a': 0.5, 'e': 0.16536475517933022}",25,7,-18.347601553099448,"{0: 16, 1: 0, 2: 1, 3: 0, 4: 1}",1
450,False,"{'a': 0.5, 'e': 0.1647032961586129}",20,0,10.812418568467526,"{0: 19, 1: 0, 2: 0, 3: 1, 4: 0}",0
451,False,"{'a': 0.5, 'e': 0.16404448297397844}",25,0,12.675645963389798,"{0: 22, 1: 1, 2: 2, 3: 0, 4: 0}",0
452,False,"{'a': 0.5, 'e': 0.16338830504208252}",20,0,30.122075074542813,"{0: 20, 1: 0, 2: 0, 3: 0, 4: 0}",1
453,False,"{'a': 0.5, 'e': 0.1627347518219142}",25,17,10.966435459554779,"{0: 8, 1: 0, 2: 0, 3: 0, 4: 0}",1
454,False,"{'a': 0.5, 'e': 0.16208381281462653}",20,7,8.776737349316637,"{0: 12, 1: 0, 2: 1, 3: 0, 4: 0}",1
455,False,"{'a': 0.5, 'e': 0.16143547756336804}",20,10,16.894203350722545,"{0: 10, 1: 0, 2: 0, 3: 0, 4: 0}",1
456,False,"{'a': 0.5, 'e': 0.16078973565311455}",25,11,26.814446453783855,"{0: 14, 1: 0, 2: 0, 3: 0, 4: 0}",1
457,False,"{'a': 0.5, 'e': 0.16014657671050211}",25,18,11.247061830094372,"{0: 7, 1: 0, 2: 0, 3: 0, 4: 0}",1
458,False,"{'a': 0.5, 'e': 0.1595059904036601}",25,5,-9.342722182610729,"{0: 19, 1: 0, 2: 0, 3: 0, 4: 1}",1
459,False,"{'a': 0.5, 'e': 0.15886796644204546}",20,10,7.866922978672936,"{0: 9, 1: 0, 2: 1, 3: 0, 4: 0}",1
460,False,"{'a': 0.5, 'e': 0.15823249457627728}",20,5,27.019852054631016,"{0: 15, 1: 0, 2: 0, 3: 0, 4: 0}",1
461,False,"{'a': 0.5, 'e': 0.15759956459797217}",25,0,39.70935182523519,"{0: 25, 1: 0, 2: 0, 3: 0, 4: 0}",0
462,False,"{'a': 0.5, 'e': 0.15696916633958027}",30,18,6.70963624643957,"{0: 11, 1: 0, 2: 1, 3: 0, 4: 0}",1
463,False,"{'a': 0.5, 'e': 0.15634128967422195}",30,18,-14.147472415586487,"{0: 9, 1: 0, 2: 3, 3: 0, 4: 0}",1
464,False,"{'a': 0.5, 'e': 0.15571592451552504}",20,12,-30.03169621938756,"{0: 7, 1: 0, 2: 0, 3: 0, 4: 1}",1
465,False,"{'a': 0.5, 'e': 0.15509306081746296}",30,18,19.976025867517706,"{0: 12, 1: 0, 2: 0, 3: 0, 4: 0}",1
466,False,"{'a': 0.5, 'e': 0.1544726885741931}",25,15,16.10078490909329,"{0: 10, 1: 0, 2: 0, 3: 0, 4: 0}",1
467,False,"{'a': 0.5, 'e': 0.15385479781989633}",20,6,25.03855431210196,"{0: 14, 1: 0, 2: 0, 3: 0, 4: 0}",1
468,False,"{'a': 0.5, 'e': 0.15323937862861675}",20,16,7.928873503887888,"{0: 4, 1: 0, 2: 0, 3: 0, 4: 0}",1
469,False,"{'a': 0.5, 'e': 0.1526264211141023}",20,4,20.813812442561456,"{0: 15, 1: 1, 2: 0, 3: 0, 4: 0}",1
470,False,"{'a': 0.5, 'e': 0.15201591542964588}",25,9,30.077408126637984,"{0: 16, 1: 0, 2: 0, 3: 0, 4: 0}",1
471,False,"{'a': 0.5, 'e': 0.1514078517679273}",25,9,8.361389675828892,"{0: 14, 1: 0, 2: 2, 3: 0, 4: 0}",1
472,False,"{'a': 0.5, 'e': 0.15080222036085558}",30,17,-29.37732930301094,"{0: 11, 1: 0, 2: 1, 3: 0, 4: 1}",1
473,False,"{'a': 0.5, 'e': 0.15019901147941217}",20,14,9.593056693979502,"{0: 6, 1: 0, 2: 0, 3: 0, 4: 0}",1
474,False,"{'a': 0.5, 'e': 0.1495982154334945}",20,8,23.745458179046476,"{0: 12, 1: 0, 2: 0, 3: 0, 4: 0}",1
475,False,"{'a': 0.5, 'e': 0.14899982257176053}",20,6,17.49057120007607,"{0: 13, 1: 0, 2: 1, 3: 0, 4: 0}",1
476,False,"{'a': 0.5, 'e': 0.14840382328147347}",25,12,22.1014215038328,"{0: 13, 1: 0, 2: 0, 3: 0, 4: 0}",1
477,False,"{'a': 0.5, 'e': 0.1478102079883476}",30,0,-15.86930692613619,"{0: 26, 1: 0, 2: 2, 3: 2, 4: 0}",0
478,False,"{'a': 0.5, 'e': 0.1472189671563942}",30,16,24.947494470051144,"{0: 14, 1: 0, 2: 0, 3: 0, 4: 0}",1
479,False,"{'a': 0.5, 'e': 0.14663009128776863}",25,12,11.568061492639819,"{0: 12, 1: 0, 2: 1, 3: 0, 4: 0}",1
480,False,"{'a': 0.5, 'e': 0.14604357092261755}",25,0,18.275175099763526,"{0: 23, 1: 1, 2: 1, 3: 0, 4: 0}",0
481,False,"{'a': 0.5, 'e': 0.14545939663892707}",25,9,7.127446345539787,"{0: 14, 1: 0, 2: 2, 3: 0, 4: 0}",1
482,False,"{'a': 0.5, 'e': 0.14487755905237137}",20,5,-21.465973380759692,"{0: 11, 1: 2, 2: 1, 3: 1, 4: 0}",1
483,False,"{'a': 0.5, 'e': 0.14429804881616187}",20,3,5.507254168467462,"{0: 16, 1: 0, 2: 0, 3: 1, 4: 0}",1
484,False,"{'a': 0.5, 'e': 0.14372085662089723}",25,0,17.78886489773146,"{0: 23, 1: 1, 2: 1, 3: 0, 4: 0}",0
485,False,"{'a': 0.5, 'e': 0.14314597319441363}",25,20,8.9947123300311,"{0: 5, 1: 0, 2: 0, 3: 0, 4: 0}",1
486,False,"{'a': 0.5, 'e': 0.142573389301636}",20,9,20.582586091930303,"{0: 11, 1: 0, 2: 0, 3: 0, 4: 0}",1
487,False,"{'a': 0.5, 'e': 0.14200309574442943}",20,8,21.057238196218073,"{0: 12, 1: 0, 2: 0, 3: 0, 4: 0}",1
488,False,"{'a': 0.5, 'e': 0.14143508336145172}",20,15,9.05836300132668,"{0: 5, 1: 0, 2: 0, 3: 0, 4: 0}",1
489,False,"{'a': 0.5, 'e': 0.1408693430280059}",20,9,8.061778953451856,"{0: 10, 1: 0, 2: 1, 3: 0, 4: 0}",1
490,False,"{'a': 0.5, 'e': 0.1403058656558939}",20,3,-10.07753313249476,"{0: 15, 1: 0, 2: 0, 3: 2, 4: 0}",1
491,False,"{'a': 0.5, 'e': 0.13974464219327032}",30,16,14.70491200423996,"{0: 13, 1: 0, 2: 1, 3: 0, 4: 0}",1
492,False,"{'a': 0.5, 'e': 0.13918566362449725}",35,21,23.805882751071263,"{0: 14, 1: 0, 2: 0, 3: 0, 4: 0}",1
493,False,"{'a': 0.5, 'e': 0.13862892096999924}",20,10,-2.9397350033840013,"{0: 9, 1: 0, 2: 0, 3: 1, 4: 0}",1
494,False,"{'a': 0.5, 'e': 0.13807440528611925}",25,15,-25.856476304794114,"{0: 9, 1: 0, 2: 0, 3: 0, 4: 1}",1
495,False,"{'a': 0.5, 'e': 0.13752210766497477}",30,7,37.46439799193632,"{0: 23, 1: 0, 2: 0, 3: 0, 4: 0}",1
496,False,"{'a': 0.5, 'e': 0.13697201923431487}",20,12,18.837781674664175,"{0: 8, 1: 0, 2: 0, 3: 0, 4: 0}",1
497,False,"{'a': 0.5, 'e': 0.13642413115737761}",20,7,23.935712028812585,"{0: 13, 1: 0, 2: 0, 3: 0, 4: 0}",1
498,False,"{'a': 0.5, 'e': 0.1358784346327481}",35,24,7.010932137712252,"{0: 10, 1: 0, 2: 1, 3: 0, 4: 0}",1
499,False,"{'a': 0.5, 'e': 0.13533492089421711}",20,0,17.55375757962313,"{0: 19, 1: 0, 2: 1, 3: 0, 4: 0}",0
500,False,"{'a': 0.5, 'e': 0.13479358121064025}",20,3,23.565699017258073,"{0: 17, 1: 0, 2: 0, 3: 0, 4: 0}",1
501,False,"{'a': 0.5, 'e': 0.13425440688579768}",25,18,13.29879961356562,"{0: 7, 1: 0, 2: 0, 3: 0, 4: 0}",1
502,False,"{'a': 0.5, 'e': 0.1337173892582545}",20,8,16.577719036983595,"{0: 12, 1: 0, 2: 0, 3: 0, 4: 0}",1
503,False,"{'a': 0.5, 'e': 0.13318251970122147}",20,16,8.309644893265482,"{0: 4, 1: 0, 2: 0, 3: 0, 4: 0}",1
504,False,"{'a': 0.5, 'e': 0.13264978962241658}",25,12,28.17695019897867,"{0: 13, 1: 0, 2: 0, 3: 0, 4: 0}",1
505,False,"{'a': 0.5, 'e': 0.13211919046392692}",35,21,22.44024348101985,"{0: 14, 1: 0, 2: 0, 3: 0, 4: 0}",1
506,False,"{'a': 0.5, 'e': 0.1315907137020712}",30,12,-19.567988395928374,"{0: 16, 1: 0, 2: 1, 3: 0, 4: 1}",1
507,False,"{'a': 0.5, 'e': 0.13106435084726292}",25,15,4.625023716696422,"{0: 9, 1: 0, 2: 1, 3: 0, 4: 0}",1
508,False,"{'a': 0.5, 'e': 0.13054009344387388}",30,16,10.574887830084041,"{0: 13, 1: 0, 2: 1, 3: 0, 4: 0}",1
509,False,"{'a': 0.5, 'e': 0.13001793307009837}",20,15,6.903355196120859,"{0: 5, 1: 0, 2: 0, 3: 0, 4: 0}",1
510,False,"{'a': 0.5, 'e': 0.129497861337818}",30,14,32.42472899080208,"{0: 16, 1: 0, 2: 0, 3: 0, 4: 0}",1
511,False,"{'a': 0.5, 'e': 0.1289798698924667}",30,11,32.69633932599092,"{0: 19, 1: 0, 2: 0, 3: 0, 4: 0}",1
512,False,"{'a': 0.5, 'e': 0.12846395041289685}",25,12,0.6123391766887183,"{0: 11, 1: 0, 2: 2, 3: 0, 4: 0}",1
513,False,"{'a': 0.5, 'e': 0.12795009461124526}",20,16,6.669680815267089,"{0: 4, 1: 0, 2: 0, 3: 0, 4: 0}",1
514,False,"{'a': 0.5, 'e': 0.12743829423280026}",20,15,8.486059656929136,"{0: 5, 1: 0, 2: 0, 3: 0, 4: 0}",1
515,False,"{'a': 0.5, 'e': 0.12692854105586907}",20,7,9.897782082030105,"{0: 11, 1: 1, 2: 1, 3: 0, 4: 0}",1
516,False,"{'a': 0.5, 'e': 0.1264208268916456}",20,14,5.825319819169377,"{0: 6, 1: 0, 2: 0, 3: 0, 4: 0}",1
517,False,"{'a': 0.5, 'e': 0.12591514358407901}",20,12,17.273739464217687,"{0: 8, 1: 0, 2: 0, 3: 0, 4: 0}",1
518,False,"{'a': 0.5, 'e': 0.1254114830097427}",25,9,-38.07516913066502,"{0: 13, 1: 0, 2: 2, 3: 0, 4: 1}",1
519,False,"{'a': 0.5, 'e': 0.12490983707770373}",25,15,18.36590325242825,"{0: 10, 1: 0, 2: 0, 3: 0, 4: 0}",1
520,False,"{'a': 0.5, 'e': 0.12441019772939291}",25,8,16.270566381746622,"{0: 16, 1: 0, 2: 1, 3: 0, 4: 0}",1
521,False,"{'a': 0.5, 'e': 0.12391255693847533}",20,16,8.403548021616956,"{0: 4, 1: 0, 2: 0, 3: 0, 4: 0}",1
522,False,"{'a': 0.5, 'e': 0.12341690671072143}",30,0,10.597804018438238,"{0: 27, 1: 1, 2: 2, 3: 0, 4: 0}",1
523,False,"{'a': 0.5, 'e': 0.12292323908387855}",20,3,24.640541468064963,"{0: 16, 1: 1, 2: 0, 3: 0, 4: 0}",1
524,False,"{'a': 0.5, 'e': 0.12243154612754303}",20,10,9.899634430666215,"{0: 9, 1: 0, 2: 1, 3: 0, 4: 0}",1
525,False,"{'a': 0.5, 'e': 0.12194181994303287}",25,10,26.057099462047216,"{0: 15, 1: 0, 2: 0, 3: 0, 4: 0}",1
526,False,"{'a': 0.5, 'e': 0.12145405266326073}",20,13,16.5078425926433,"{0: 7, 1: 0, 2: 0, 3: 0, 4: 0}",1
527,False,"{'a': 0.5, 'e': 0.12096823645260768}",20,12,13.994594667456447,"{0: 8, 1: 0, 2: 0, 3: 0, 4: 0}",1
528,False,"{'a': 0.5, 'e': 0.12048436350679725}",25,12,29.650166073427656,"{0: 13, 1: 0, 2: 0, 3: 0, 4: 0}",1
529,False,"{'a': 0.5, 'e': 0.12000242605277006}",25,11,17.680841281598457,"{0: 13, 1: 0, 2: 1, 3: 0, 4: 0}",1
530,False,"{'a': 0.5, 'e': 0.11952241634855898}",20,10,-9.976934999156995,"{0: 8, 1: 1, 2: 0, 3: 1, 4: 0}",1
531,False,"{'a': 0.5, 'e': 0.11904432668316475}",25,9,29.478365144383975,"{0: 16, 1: 0, 2: 0, 3: 0, 4: 0}",1
532,False,"{'a': 0.5, 'e': 0.11856814937643209}",30,22,11.837506087389345,"{0: 8, 1: 0, 2: 0, 3: 0, 4: 0}",1
533,False,"{'a': 0.5, 'e': 0.11809387677892635}",25,19,10.535228176422384,"{0: 6, 1: 0, 2: 0, 3: 0, 4: 0}",1
534,False,"{'a': 0.5, 'e': 0.11762150127181066}",20,7,-22.07426225624458,"{0: 12, 1: 0, 2: 0, 3: 0, 4: 1}",1
535,False,"{'a': 0.5, 'e': 0.1171510152667234}",25,8,26.96516397228875,"{0: 16, 1: 1, 2: 0, 3: 0, 4: 0}",1
536,False,"{'a': 0.5, 'e': 0.11668241120565652}",20,13,11.773047001436115,"{0: 7, 1: 0, 2: 0, 3: 0, 4: 0}",1
537,False,"{'a': 0.5, 'e': 0.1162156815608339}",20,9,16.735427535967343,"{0: 11, 1: 0, 2: 0, 3: 0, 4: 0}",1
538,False,"{'a': 0.5, 'e': 0.11575081883459055}",20,12,17.16175809354443,"{0: 8, 1: 0, 2: 0, 3: 0, 4: 0}",1
539,False,"{'a': 0.5, 'e': 0.11528781555925219}",30,0,33.45835707057501,"{0: 29, 1: 0, 2: 1, 3: 0, 4: 0}",0
540,False,"{'a': 0.5, 'e': 0.11482666429701519}",20,4,10.84515352598314,"{0: 15, 1: 0, 2: 1, 3: 0, 4: 0}",1
541,False,"{'a': 0.5, 'e': 0.11436735763982712}",20,10,18.465480610991666,"{0: 10, 1: 0, 2: 0, 3: 0, 4: 0}",1
542,False,"{'a': 0.5, 'e': 0.11390988820926781}",20,10,-46.38920573095618,"{0: 7, 1: 0, 2: 2, 3: 0, 4: 1}",1
543,False,"{'a': 0.5, 'e': 0.11345424865643074}",20,2,-29.269209160059116,"{0: 14, 1: 0, 2: 3, 3: 1, 4: 0}",1
544,False,"{'a': 0.5, 'e': 0.11300043166180501}",20,0,31.84732846284092,"{0: 20, 1: 0, 2: 0, 3: 0, 4: 0}",0
545,False,"{'a': 0.5, 'e': 0.11254842993515779}",30,24,9.189245212184924,"{0: 6, 1: 0, 2: 0, 3: 0, 4: 0}",1
546,False,"{'a': 0.5, 'e': 0.11209823621541716}",20,6,19.275979704837926,"{0: 13, 1: 1, 2: 0, 3: 0, 4: 0}",1
547,False,"{'a': 0.5, 'e': 0.1116498432705555}",20,11,4.724350087004376,"{0: 8, 1: 0, 2: 1, 3: 0, 4: 0}",1
548,False,"{'a': 0.5, 'e': 0.11120324389747327}",25,13,8.423956371033075,"{0: 11, 1: 0, 2: 1, 3: 0, 4: 0}",1
549,False,"{'a': 0.5, 'e': 0.11075843092188338}",30,8,-17.20793320211709,"{0: 20, 1: 0, 2: 1, 3: 0, 4: 1}",1
550,False,"{'a': 0.5, 'e': 0.11031539719819584}",20,12,18.287366382621748,"{0: 8, 1: 0, 2: 0, 3: 0, 4: 0}",1
551,False,"{'a': 0.5, 'e': 0.10987413560940307}",20,0,25.838688401176878,"{0: 20, 1: 0, 2: 0, 3: 0, 4: 0}",0
552,False,"{'a': 0.5, 'e': 0.10943463906696545}",20,13,13.129848913039321,"{0: 7, 1: 0, 2: 0, 3: 0, 4: 0}",1
553,False,"{'a': 0.5, 'e': 0.10899690051069759}",35,18,23.99588676999663,"{0: 16, 1: 0, 2: 1, 3: 0, 4: 0}",1
554,False,"{'a': 0.5, 'e': 0.1085609129086548}",20,16,5.436834584400581,"{0: 4, 1: 0, 2: 0, 3: 0, 4: 0}",1
555,False,"{'a': 0.5, 'e': 0.10812666925702018}",20,13,-0.13341882732371668,"{0: 6, 1: 0, 2: 1, 3: 0, 4: 0}",1
556,False,"{'a': 0.5, 'e': 0.10769416257999209}",30,8,41.01965957193995,"{0: 22, 1: 0, 2: 0, 3: 0, 4: 0}",1
557,False,"{'a': 0.5, 'e': 0.10726338592967213}",20,11,7.217080396575837,"{0: 8, 1: 0, 2: 1, 3: 0, 4: 0}",1
558,False,"{'a': 0.5, 'e': 0.10683433238595344}",25,13,-29.22112502204042,"{0: 10, 1: 0, 2: 1, 3: 0, 4: 1}",1
559,False,"{'a': 0.5, 'e': 0.10640699505640963}",25,9,16.847433296062945,"{0: 15, 1: 0, 2: 1, 3: 0, 4: 0}",1
560,False,"{'a': 0.5, 'e': 0.10598136707618398}",30,8,25.021304338272824,"{0: 21, 1: 0, 2: 1, 3: 0, 4: 0}",1
561,False,"{'a': 0.5, 'e': 0.10555744160787925}",30,22,14.989072596662794,"{0: 8, 1: 0, 2: 0, 3: 0, 4: 0}",1
562,False,"{'a': 0.5, 'e': 0.10513521184144774}",25,14,21.47165888807178,"{0: 11, 1: 0, 2: 0, 3: 0, 4: 0}",1
563,False,"{'a': 0.5, 'e': 0.10471467099408194}",25,0,44.24903761535011,"{0: 25, 1: 0, 2: 0, 3: 0, 4: 0}",0
564,False,"{'a': 0.5, 'e': 0.10429581231010561}",20,12,14.595769537591242,"{0: 8, 1: 0, 2: 0, 3: 0, 4: 0}",1
565,False,"{'a': 0.5, 'e': 0.10387862906086519}",20,0,23.061068135092174,"{0: 20, 1: 0, 2: 0, 3: 0, 4: 0}",1
566,False,"{'a': 0.5, 'e': 0.10346311454462173}",20,6,15.025502775394312,"{0: 13, 1: 0, 2: 1, 3: 0, 4: 0}",1
567,False,"{'a': 0.5, 'e': 0.10304926208644324}",30,8,-25.419629564754874,"{0: 19, 1: 0, 2: 2, 3: 0, 4: 1}",1
568,False,"{'a': 0.5, 'e': 0.10263706503809747}",30,16,-2.6068287745301406,"{0: 12, 1: 1, 2: 0, 3: 1, 4: 0}",1
569,False,"{'a': 0.5, 'e': 0.10222651677794507}",20,13,1.690325155145932,"{0: 6, 1: 0, 2: 1, 3: 0, 4: 0}",1
570,False,"{'a': 0.5, 'e': 0.1018176107108333}",25,10,8.545326722006774,"{0: 13, 1: 1, 2: 1, 3: 0, 4: 0}",1
571,False,"{'a': 0.5, 'e': 0.10141034026798997}",25,0,25.92825110909638,"{0: 24, 1: 1, 2: 0, 3: 0, 4: 0}",0
572,False,"{'a': 0.5, 'e': 0.101004698906918}",30,7,20.42969096204104,"{0: 22, 1: 0, 2: 0, 3: 1, 4: 0}",1
573,False,"{'a': 0.5, 'e': 0.10060068011129034}",25,8,7.872816235999657,"{0: 16, 1: 0, 2: 0, 3: 1, 4: 0}",1
574,False,"{'a': 0.5, 'e': 0.10019827739084516}",20,0,38.69179374948524,"{0: 20, 1: 0, 2: 0, 3: 0, 4: 0}",1
575,False,"{'a': 0.5, 'e': 0.09979748428128178}",20,7,6.561960916370811,"{0: 12, 1: 0, 2: 1, 3: 0, 4: 0}",1
576,False,"{'a': 0.5, 'e': 0.09939829434415666}",30,18,23.84048367288466,"{0: 12, 1: 0, 2: 0, 3: 0, 4: 0}",1
577,False,"{'a': 0.5, 'e': 0.09900070116678003}",25,5,-12.519199932216424,"{0: 19, 1: 0, 2: 0, 3: 0, 4: 1}",1
578,False,"{'a': 0.5, 'e': 0.09860469836211291}",20,8,16.0330535567405,"{0: 11, 1: 1, 2: 0, 3: 0, 4: 0}",1
579,False,"{'a': 0.5, 'e': 0.09821027956866446}",30,15,25.049974996932455,"{0: 15, 1: 0, 2: 0, 3: 0, 4: 0}",1
580,False,"{'a': 0.5, 'e': 0.0978174384503898}",20,8,21.340265356779952,"{0: 12, 1: 0, 2: 0, 3: 0, 4: 0}",1
581,False,"{'a': 0.5, 'e': 0.09742616869658824}",20,9,18.53569057131035,"{0: 11, 1: 0, 2: 0, 3: 0, 4: 0}",1
582,False,"{'a': 0.5, 'e': 0.09703646402180188}",20,12,16.241910740908327,"{0: 8, 1: 0, 2: 0, 3: 0, 4: 0}",1
583,False,"{'a': 0.5, 'e': 0.09664831816571468}",20,0,1.0867226765289142,"{0: 18, 1: 1, 2: 0, 3: 1, 4: 0}",1
584,False,"{'a': 0.5, 'e': 0.09626172489305182}",25,13,-12.713526925425924,"{0: 10, 1: 0, 2: 1, 3: 1, 4: 0}",1
585,False,"{'a': 0.5, 'e': 0.09587667799347961}",30,0,36.718559919686236,"{0: 29, 1: 0, 2: 1, 3: 0, 4: 0}",0
586,False,"{'a': 0.5, 'e': 0.0954931712815057}",20,15,9.571763418422574,"{0: 5, 1: 0, 2: 0, 3: 0, 4: 0}",1
587,False,"{'a': 0.5, 'e': 0.09511119859637968}",30,8,-1.4904874244422692,"{0: 21, 1: 0, 2: 0, 3: 0, 4: 1}",1
588,False,"{'a': 0.5, 'e': 0.09473075380199415}",35,21,32.159978189900606,"{0: 14, 1: 0, 2: 0, 3: 0, 4: 0}",1
589,False,"{'a': 0.5, 'e': 0.09435183078678618}",30,17,22.776280624383634,"{0: 13, 1: 0, 2: 0, 3: 0, 4: 0}",1
590,False,"{'a': 0.5, 'e': 0.09397442346363903}",35,24,7.9241614441446355,"{0: 10, 1: 0, 2: 1, 3: 0, 4: 0}",1
591,False,"{'a': 0.5, 'e': 0.09359852576978447}",20,12,15.6394736468892,"{0: 8, 1: 0, 2: 0, 3: 0, 4: 0}",1
592,False,"{'a': 0.5, 'e': 0.09322413166670533}",20,2,31.36800459215001,"{0: 18, 1: 0, 2: 0, 3: 0, 4: 0}",1
593,False,"{'a': 0.5, 'e': 0.09285123514003851}",20,12,14.821056985874366,"{0: 8, 1: 0, 2: 0, 3: 0, 4: 0}",1
594,False,"{'a': 0.5, 'e': 0.09247983019947836}",20,8,26.521689823841257,"{0: 12, 1: 0, 2: 0, 3: 0, 4: 0}",1
595,False,"{'a': 0.5, 'e': 0.09210991087868045}",20,8,18.543305177579896,"{0: 12, 1: 0, 2: 0, 3: 0, 4: 0}",1
596,False,"{'a': 0.5, 'e': 0.09174147123516573}",30,6,12.812084429351447,"{0: 23, 1: 0, 2: 0, 3: 1, 4: 0}",1
597,False,"{'a': 0.5, 'e': 0.09137450535022507}",20,12,14.099080144263667,"{0: 8, 1: 0, 2: 0, 3: 0, 4: 0}",1
598,False,"{'a': 0.5, 'e': 0.09100900732882417}",20,0,30.21666281033201,"{0: 20, 1: 0, 2: 0, 3: 0, 4: 0}",0
599,False,"{'a': 0.5, 'e': 0.09064497129950887}",20,0,26.942784764806866,"{0: 20, 1: 0, 2: 0, 3: 0, 4: 0}",0
600,False,"{'a': 0.5, 'e': 0.09028239141431083}",20,8,24.715944461446547,"{0: 12, 1: 0, 2: 0, 3: 0, 4: 0}",1
601,False,"{'a': 0.5, 'e': 0.08992126184865358}",20,7,14.504120077350175,"{0: 12, 1: 1, 2: 0, 3: 0, 4: 0}",1
602,False,"{'a': 0.5, 'e': 0.08956157680125897}",25,15,20.125819330784957,"{0: 10, 1: 0, 2: 0, 3: 0, 4: 0}",1
603,False,"{'a': 0.5, 'e': 0.08920333049405393}",25,13,-1.6384553844348317,"{0: 11, 1: 0, 2: 0, 3: 1, 4: 0}",1
604,False,"{'a': 0.5, 'e': 0.08884651717207771}",20,3,18.634797186320966,"{0: 16, 1: 0, 2: 1, 3: 0, 4: 0}",1
605,False,"{'a': 0.5, 'e': 0.08849113110338941}",30,18,11.786032898888749,"{0: 11, 1: 0, 2: 1, 3: 0, 4: 0}",1
606,False,"{'a': 0.5, 'e': 0.08813716657897586}",25,18,11.902693043234036,"{0: 7, 1: 0, 2: 0, 3: 0, 4: 0}",1
607,False,"{'a': 0.5, 'e': 0.08778461791265994}",25,20,8.452155437275845,"{0: 5, 1: 0, 2: 0, 3: 0, 4: 0}",1
608,False,"{'a': 0.5, 'e': 0.0874334794410093}",25,8,-10.407447885929642,"{0: 16, 1: 0, 2: 0, 3: 0, 4: 1}",1
609,False,"{'a': 0.5, 'e': 0.08708374552324527}",25,13,24.249233363256952,"{0: 12, 1: 0, 2: 0, 3: 0, 4: 0}",1
610,False,"{'a': 0.5, 'e': 0.08673541054115229}",20,13,12.60527496315263,"{0: 7, 1: 0, 2: 0, 3: 0, 4: 0}",1
611,False,"{'a': 0.5, 'e': 0.08638846889898767}",20,4,16.381254758628845,"{0: 15, 1: 0, 2: 1, 3: 0, 4: 0}",1
612,False,"{'a': 0.5, 'e': 0.08604291502339173}",25,12,22.902697729534676,"{0: 13, 1: 0, 2: 0, 3: 0, 4: 0}",1
613,False,"{'a': 0.5, 'e': 0.08569874336329816}",20,13,12.120533067154893,"{0: 7, 1: 0, 2: 0, 3: 0, 4: 0}",1
614,False,"{'a': 0.5, 'e': 0.08535594838984496}",30,18,22.77422910191578,"{0: 12, 1: 0, 2: 0, 3: 0, 4: 0}",1
615,False,"{'a': 0.5, 'e': 0.08501452459628558}",25,11,-18.7130442023662,"{0: 13, 1: 0, 2: 0, 3: 0, 4: 1}",1
616,False,"{'a': 0.5, 'e': 0.08467446649790045}",20,13,-27.36747414027852,"{0: 6, 1: 0, 2: 0, 3: 0, 4: 1}",1
617,False,"{'a': 0.5, 'e': 0.08433576863190884}",20,6,12.70599430503622,"{0: 13, 1: 0, 2: 1, 3: 0, 4: 0}",1
618,False,"{'a': 0.5, 'e': 0.0839984255573812}",30,13,30.131460215446786,"{0: 17, 1: 0, 2: 0, 3: 0, 4: 0}",1
619,False,"{'a': 0.5, 'e': 0.08366243185515168}",25,15,-22.966707406347695,"{0: 9, 1: 0, 2: 0, 3: 0, 4: 1}",1
620,False,"{'a': 0.5, 'e': 0.08332778212773108}",20,13,13.276287643712585,"{0: 7, 1: 0, 2: 0, 3: 0, 4: 0}",1
621,False,"{'a': 0.5, 'e': 0.08299447099922015}",20,1,31.598025445278054,"{0: 19, 1: 0, 2: 0, 3: 0, 4: 0}",1
622,False,"{'a': 0.5, 'e': 0.08266249311522327}",25,17,-7.8623058022558485,"{0: 7, 1: 0, 2: 0, 3: 1, 4: 0}",1
623,False,"{'a': 0.5, 'e': 0.08233184314276237}",25,11,1.6871455389081376,"{0: 12, 1: 0, 2: 2, 3: 0, 4: 0}",1
624,False,"{'a': 0.5, 'e': 0.08200251577019133}",30,14,29.19877042886729,"{0: 16, 1: 0, 2: 0, 3: 0, 4: 0}",1
625,False,"{'a': 0.5, 'e': 0.08167450570711056}",20,2,20.327828439991965,"{0: 17, 1: 0, 2: 1, 3: 0, 4: 0}",1
626,False,"{'a': 0.5, 'e': 0.08134780768428211}",25,5,33.01317462563364,"{0: 20, 1: 0, 2: 0, 3: 0, 4: 0}",1
627,False,"{'a': 0.5, 'e': 0.081022416453545}",25,18,11.17686342102722,"{0: 7, 1: 0, 2: 0, 3: 0, 4: 0}",1
628,False,"{'a': 0.5, 'e': 0.08069832678773081}",20,9,15.775650585662678,"{0: 11, 1: 0, 2: 0, 3: 0, 4: 0}",1
629,False,"{'a': 0.5, 'e': 0.08037553348057988}",30,18,22.41730982921407,"{0: 12, 1: 0, 2: 0, 3: 0, 4: 0}",1
630,False,"{'a': 0.5, 'e': 0.08005403134665756}",20,8,5.618968156304553,"{0: 10, 1: 1, 2: 1, 3: 0, 4: 0}",1
631,False,"{'a': 0.5, 'e': 0.07973381522127093}",25,13,23.92455062506482,"{0: 12, 1: 0, 2: 0, 3: 0, 4: 0}",1
632,False,"{'a': 0.5, 'e': 0.07941487996038585}",30,17,-20.910924964143927,"{0: 12, 1: 0, 2: 0, 3: 0, 4: 1}",1
633,False,"{'a': 0.5, 'e': 0.0790972204405443}",20,13,13.75641371666003,"{0: 7, 1: 0, 2: 0, 3: 0, 4: 0}",1
634,False,"{'a': 0.5, 'e': 0.07878083155878213}",20,4,27.240560579445564,"{0: 16, 1: 0, 2: 0, 3: 0, 4: 0}",1
635,False,"{'a': 0.5, 'e': 0.078465708232547}",20,8,23.698595752324017,"{0: 12, 1: 0, 2: 0, 3: 0, 4: 0}",1
636,False,"{'a': 0.5, 'e': 0.07815184539961681}",25,0,20.991269911743476,"{0: 24, 1: 0, 2: 0, 3: 1, 4: 0}",0
637,False,"{'a': 0.5, 'e': 0.07783923801801834}",25,18,15.614240254658887,"{0: 7, 1: 0, 2: 0, 3: 0, 4: 0}",1
638,False,"{'a': 0.5, 'e': 0.07752788106594627}",20,10,8.582829383059948,"{0: 9, 1: 0, 2: 1, 3: 0, 4: 0}",1
639,False,"{'a': 0.5, 'e': 0.07721776954168248}",20,11,20.069402754689914,"{0: 9, 1: 0, 2: 0, 3: 0, 4: 0}",1
640,False,"{'a': 0.5, 'e': 0.07690889846351576}",25,15,18.33029524475299,"{0: 10, 1: 0, 2: 0, 3: 0, 4: 0}",1
641,False,"{'a': 0.5, 'e': 0.0766012628696617}",20,9,7.6018933803581765,"{0: 10, 1: 0, 2: 1, 3: 0, 4: 0}",1
642,False,"{'a': 0.5, 'e': 0.07629485781818304}",20,0,29.9842184561173,"{0: 20, 1: 0, 2: 0, 3: 0, 4: 0}",0
643,False,"{'a': 0.5, 'e': 0.07598967838691031}",35,12,34.34901227351077,"{0: 22, 1: 1, 2: 0, 3: 0, 4: 0}",1
644,False,"{'a': 0.5, 'e': 0.07568571967336267}",20,8,19.222139315418733,"{0: 12, 1: 0, 2: 0, 3: 0, 4: 0}",1
645,False,"{'a': 0.5, 'e': 0.07538297679466922}",25,7,32.493769106290465,"{0: 18, 1: 0, 2: 0, 3: 0, 4: 0}",1
646,False,"{'a': 0.5, 'e': 0.07508144488749054}",30,14,26.797753552668304,"{0: 16, 1: 0, 2: 0, 3: 0, 4: 0}",1
647,False,"{'a': 0.5, 'e': 0.07478111910794058}",20,10,21.7573942816074,"{0: 10, 1: 0, 2: 0, 3: 0, 4: 0}",1
648,False,"{'a': 0.5, 'e': 0.07448199463150881}",35,18,29.163274298288243,"{0: 17, 1: 0, 2: 0, 3: 0, 4: 0}",1
649,False,"{'a': 0.5, 'e': 0.07418406665298279}",20,3,27.801161413489645,"{0: 17, 1: 0, 2: 0, 3: 0, 4: 0}",1
650,False,"{'a': 0.5, 'e': 0.07388733038637085}",20,9,21.98771280147673,"{0: 11, 1: 0, 2: 0, 3: 0, 4: 0}",1
651,False,"{'a': 0.5, 'e': 0.07359178106482536}",20,8,23.660437177758958,"{0: 12, 1: 0, 2: 0, 3: 0, 4: 0}",1
652,False,"{'a': 0.5, 'e': 0.07329741394056606}",20,9,-24.566166789762764,"{0: 10, 1: 0, 2: 0, 3: 0, 4: 1}",1
653,False,"{'a': 0.5, 'e': 0.0730042242848038}",25,13,23.6411926708923,"{0: 12, 1: 0, 2: 0, 3: 0, 4: 0}",1
654,False,"{'a': 0.5, 'e': 0.07271220738766458}",25,13,19.36296324531907,"{0: 12, 1: 0, 2: 0, 3: 0, 4: 0}",1
655,False,"{'a': 0.5, 'e': 0.07242135855811392}",30,8,25.33640119498642,"{0: 21, 1: 0, 2: 1, 3: 0, 4: 0}",1
656,False,"{'a': 0.5, 'e': 0.07213167312388147}",35,22,23.353771651717594,"{0: 13, 1: 0, 2: 0, 3: 0, 4: 0}",1
657,False,"{'a': 0.5, 'e': 0.07184314643138594}",20,5,16.765132146093848,"{0: 15, 1: 0, 2: 0, 3: 0, 4: 0}",1
658,False,"{'a': 0.5, 'e': 0.0715557738456604}",25,12,27.958671603289986,"{0: 13, 1: 0, 2: 0, 3: 0, 4: 0}",1
659,False,"{'a': 0.5, 'e': 0.07126955075027776}",20,8,21.966602303105148,"{0: 12, 1: 0, 2: 0, 3: 0, 4: 0}",1
660,False,"{'a': 0.5, 'e': 0.07098447254727665}",20,13,0.5460751245934061,"{0: 6, 1: 0, 2: 1, 3: 0, 4: 0}",1
661,False,"{'a': 0.5, 'e': 0.07070053465708755}",30,7,25.28803776693741,"{0: 22, 1: 0, 2: 1, 3: 0, 4: 0}",1
662,False,"{'a': 0.5, 'e': 0.07041773251845919}",30,17,24.123461322661832,"{0: 13, 1: 0, 2: 0, 3: 0, 4: 0}",1
663,False,"{'a': 0.5, 'e': 0.07013606158838535}",20,6,24.602373237913604,"{0: 14, 1: 0, 2: 0, 3: 0, 4: 0}",1
664,False,"{'a': 0.5, 'e': 0.06985551734203181}",20,15,-2.837753337980245,"{0: 4, 1: 0, 2: 1, 3: 0, 4: 0}",1
665,False,"{'a': 0.5, 'e': 0.06957609527266369}",25,7,28.703237284218673,"{0: 18, 1: 0, 2: 0, 3: 0, 4: 0}",1
666,False,"{'a': 0.5, 'e': 0.06929779089157304}",25,7,20.711451545567932,"{0: 17, 1: 1, 2: 0, 3: 0, 4: 0}",1
667,False,"{'a': 0.5, 'e': 0.06902059972800674}",35,17,32.306358811085715,"{0: 18, 1: 0, 2: 0, 3: 0, 4: 0}",1
668,False,"{'a': 0.5, 'e': 0.06874451732909471}",30,20,-20.430377849989874,"{0: 9, 1: 0, 2: 0, 3: 0, 4: 1}",1
669,False,"{'a': 0.5, 'e': 0.06846953925977833}",20,9,19.52401212531907,"{0: 11, 1: 0, 2: 0, 3: 0, 4: 0}",1
670,False,"{'a': 0.5, 'e': 0.06819566110273921}",30,20,-24.221267512431453,"{0: 9, 1: 0, 2: 0, 3: 0, 4: 1}",1
671,False,"{'a': 0.5, 'e': 0.06792287845832826}",25,13,7.157261786927255,"{0: 11, 1: 0, 2: 1, 3: 0, 4: 0}",1
672,False,"{'a': 0.5, 'e': 0.06765118694449494}",20,6,19.92712912011675,"{0: 14, 1: 0, 2: 0, 3: 0, 4: 0}",1
673,False,"{'a': 0.5, 'e': 0.06738058219671697}",30,12,-26.316377367626206,"{0: 15, 1: 1, 2: 1, 3: 0, 4: 1}",1
674,False,"{'a': 0.5, 'e': 0.0671110598679301}",25,16,17.65630570765826,"{0: 9, 1: 0, 2: 0, 3: 0, 4: 0}",1
675,False,"{'a': 0.5, 'e': 0.06684261562845838}",35,18,21.30924430372383,"{0: 16, 1: 1, 2: 0, 3: 0, 4: 0}",1
676,False,"{'a': 0.5, 'e': 0.06657524516594454}",20,8,5.138540849469086,"{0: 11, 1: 0, 2: 1, 3: 0, 4: 0}",1
677,False,"{'a': 0.5, 'e': 0.06630894418528077}",20,15,1.9535757793930506,"{0: 4, 1: 1, 2: 0, 3: 0, 4: 0}",1
678,False,"{'a': 0.5, 'e': 0.06604370840853964}",20,10,-22.445612209080146,"{0: 9, 1: 0, 2: 0, 3: 0, 4: 1}",1
679,False,"{'a': 0.5, 'e': 0.06577953357490549}",25,14,21.619252062451483,"{0: 11, 1: 0, 2: 0, 3: 0, 4: 0}",1
680,False,"{'a': 0.5, 'e': 0.06551641544060587}",20,0,28.858092140721347,"{0: 20, 1: 0, 2: 0, 3: 0, 4: 0}",0
681,False,"{'a': 0.5, 'e': 0.06525434977884344}",30,15,31.7244686653413,"{0: 15, 1: 0, 2: 0, 3: 0, 4: 0}",1
682,False,"{'a': 0.5, 'e': 0.06499333237972807}",25,13,23.999730778040963,"{0: 12, 1: 0, 2: 0, 3: 0, 4: 0}",1
683,False,"{'a': 0.5, 'e': 0.06473335905020915}",25,18,14.50206038688086,"{0: 7, 1: 0, 2: 0, 3: 0, 4: 0}",1
684,False,"{'a': 0.5, 'e': 0.06447442561400832}",25,19,9.908914014194059,"{0: 6, 1: 0, 2: 0, 3: 0, 4: 0}",1
685,False,"{'a': 0.5, 'e': 0.06421652791155229}",25,17,1.4428029108752383,"{0: 7, 1: 0, 2: 1, 3: 0, 4: 0}",1
686,False,"{'a': 0.5, 'e': 0.06395966179990607}",20,11,17.054854530748145,"{0: 9, 1: 0, 2: 0, 3: 0, 4: 0}",1
687,False,"{'a': 0.5, 'e': 0.06370382315270645}",30,7,38.69237435976339,"{0: 23, 1: 0, 2: 0, 3: 0, 4: 0}",1
688,False,"{'a': 0.5, 'e': 0.06344900786009562}",20,15,10.764142418121727,"{0: 5, 1: 0, 2: 0, 3: 0, 4: 0}",1
689,False,"{'a': 0.5, 'e': 0.06319521182865524}",20,15,10.371066400291152,"{0: 5, 1: 0, 2: 0, 3: 0, 4: 0}",1
690,False,"{'a': 0.5, 'e': 0.06294243098134061}",25,8,12.086345354795748,"{0: 15, 1: 1, 2: 1, 3: 0, 4: 0}",1
691,False,"{'a': 0.5, 'e': 0.06269066125741525}",20,3,28.24838646671162,"{0: 17, 1: 0, 2: 0, 3: 0, 4: 0}",1
692,False,"{'a': 0.5, 'e': 0.062439898612385594}",25,14,19.619289974275667,"{0: 11, 1: 0, 2: 0, 3: 0, 4: 0}",1
693,False,"{'a': 0.5, 'e': 0.06219013901793605}",20,10,7.259182252338683,"{0: 9, 1: 0, 2: 1, 3: 0, 4: 0}",1
694,False,"{'a': 0.5, 'e': 0.06194137846186431}",20,10,16.458580926658026,"{0: 10, 1: 0, 2: 0, 3: 0, 4: 0}",1
695,False,"{'a': 0.5, 'e': 0.06169361294801685}",30,16,28.344389262991772,"{0: 14, 1: 0, 2: 0, 3: 0, 4: 0}",1
696,False,"{'a': 0.5, 'e': 0.06144683849622478}",20,11,17.565311467136596,"{0: 9, 1: 0, 2: 0, 3: 0, 4: 0}",1
697,False,"{'a': 0.5, 'e': 0.06120105114223988}",20,14,12.182875280108986,"{0: 6, 1: 0, 2: 0, 3: 0, 4: 0}",1
698,False,"{'a': 0.5, 'e': 0.06095624693767092}",25,8,28.405309417983453,"{0: 17, 1: 0, 2: 0, 3: 0, 4: 0}",1
699,False,"{'a': 0.5, 'e': 0.060712421949920235}",20,13,13.3431641945455,"{0: 7, 1: 0, 2: 0, 3: 0, 4: 0}",1
700,False,"{'a': 0.5, 'e': 0.060469572262120554}",20,7,22.764850953605475,"{0: 13, 1: 0, 2: 0, 3: 0, 4: 0}",1
701,False,"{'a': 0.5, 'e': 0.06022769397307207}",25,18,13.85952218378516,"{0: 7, 1: 0, 2: 0, 3: 0, 4: 0}",1
702,False,"{'a': 0.5, 'e': 0.05998678319717979}",35,19,28.92097798125055,"{0: 16, 1: 0, 2: 0, 3: 0, 4: 0}",1
703,False,"{'a': 0.5, 'e': 0.059746836064391066}",20,4,-8.71761002208824,"{0: 14, 1: 0, 2: 1, 3: 1, 4: 0}",1
704,False,"{'a': 0.5, 'e': 0.059507848720133504}",25,17,4.788965514714193,"{0: 7, 1: 0, 2: 1, 3: 0, 4: 0}",1
705,False,"{'a': 0.5, 'e': 0.059269817325252966}",30,0,27.237982039395185,"{0: 28, 1: 1, 2: 1, 3: 0, 4: 0}",0
706,False,"{'a': 0.5, 'e': 0.05903273805595195}",30,3,46.24270340254238,"{0: 27, 1: 0, 2: 0, 3: 0, 4: 0}",1
707,False,"{'a': 0.5, 'e': 0.058796607103728145}",20,7,22.35980833827089,"{0: 13, 1: 0, 2: 0, 3: 0, 4: 0}",1
708,False,"{'a': 0.5, 'e': 0.05856142067531323}",20,3,19.373402094389782,"{0: 16, 1: 0, 2: 1, 3: 0, 4: 0}",1
709,False,"{'a': 0.5, 'e': 0.05832717499261198}",25,8,-5.575708040845326,"{0: 14, 1: 0, 2: 3, 3: 0, 4: 0}",1
710,False,"{'a': 0.5, 'e': 0.05809386629264154}",20,0,30.558625672695833,"{0: 20, 1: 0, 2: 0, 3: 0, 4: 0}",0
711,False,"{'a': 0.5, 'e': 0.05786149082747097}",20,14,6.5420632302392345,"{0: 6, 1: 0, 2: 0, 3: 0, 4: 0}",1
712,False,"{'a': 0.5, 'e': 0.05763004486416108}",25,8,26.01519707033627,"{0: 17, 1: 0, 2: 0, 3: 0, 4: 0}",1
713,False,"{'a': 0.5, 'e': 0.05739952468470444}",20,16,6.645916732723597,"{0: 4, 1: 0, 2: 0, 3: 0, 4: 0}",1
714,False,"{'a': 0.5, 'e': 0.05716992658596562}",25,0,42.038634937278275,"{0: 25, 1: 0, 2: 0, 3: 0, 4: 0}",0
715,False,"{'a': 0.5, 'e': 0.05694124687962176}",20,12,17.393134019923284,"{0: 8, 1: 0, 2: 0, 3: 0, 4: 0}",1
716,False,"{'a': 0.5, 'e': 0.05671348189210327}",25,14,18.375138735846832,"{0: 11, 1: 0, 2: 0, 3: 0, 4: 0}",1
717,False,"{'a': 0.5, 'e': 0.05648662796453486}",25,17,6.076780026234375,"{0: 7, 1: 0, 2: 1, 3: 0, 4: 0}",1
718,False,"{'a': 0.5, 'e': 0.056260681452676715}",25,10,14.84897507442739,"{0: 14, 1: 0, 2: 1, 3: 0, 4: 0}",1
719,False,"{'a': 0.5, 'e': 0.05603563872686601}",20,12,16.522113854152895,"{0: 8, 1: 0, 2: 0, 3: 0, 4: 0}",1
720,False,"{'a': 0.5, 'e': 0.05581149617195855}",20,12,15.359993949986732,"{0: 8, 1: 0, 2: 0, 3: 0, 4: 0}",1
721,False,"{'a': 0.5, 'e': 0.05558825018727071}",25,17,17.511900695836335,"{0: 8, 1: 0, 2: 0, 3: 0, 4: 0}",1
722,False,"{'a': 0.5, 'e': 0.05536589718652163}",25,8,-12.636717835475809,"{0: 16, 1: 0, 2: 0, 3: 0, 4: 1}",1
723,False,"{'a': 0.5, 'e': 0.055144433597775544}",20,10,16.43134793017341,"{0: 10, 1: 0, 2: 0, 3: 0, 4: 0}",1
724,False,"{'a': 0.5, 'e': 0.05492385586338444}",25,12,13.66298145903922,"{0: 12, 1: 0, 2: 1, 3: 0, 4: 0}",1
725,False,"{'a': 0.5, 'e': 0.0547041604399309}",20,0,16.081078139773126,"{0: 19, 1: 0, 2: 1, 3: 0, 4: 0}",0
726,False,"{'a': 0.5, 'e': 0.05448534379817118}",25,13,20.668486443596983,"{0: 12, 1: 0, 2: 0, 3: 0, 4: 0}",1
727,False,"{'a': 0.5, 'e': 0.05426740242297849}",25,16,15.24987974522399,"{0: 9, 1: 0, 2: 0, 3: 0, 4: 0}",1
728,False,"{'a': 0.5, 'e': 0.054050332813286577}",25,11,14.993640217103058,"{0: 13, 1: 0, 2: 1, 3: 0, 4: 0}",1
729,False,"{'a': 0.5, 'e': 0.053834131482033434}",20,2,31.922837043815758,"{0: 18, 1: 0, 2: 0, 3: 0, 4: 0}",1
730,False,"{'a': 0.5, 'e': 0.053618794956105297}",25,10,29.77156375758395,"{0: 15, 1: 0, 2: 0, 3: 0, 4: 0}",1
731,False,"{'a': 0.5, 'e': 0.05340431977628088}",20,14,13.277777363060114,"{0: 6, 1: 0, 2: 0, 3: 0, 4: 0}",1
732,False,"{'a': 0.5, 'e': 0.05319070249717575}",25,11,22.249591211076197,"{0: 14, 1: 0, 2: 0, 3: 0, 4: 0}",1
733,False,"{'a': 0.5, 'e': 0.05297793968718705}",25,3,35.33102462425887,"{0: 22, 1: 0, 2: 0, 3: 0, 4: 0}",1
734,False,"{'a': 0.5, 'e': 0.052766027928438305}",25,11,26.34123806473074,"{0: 14, 1: 0, 2: 0, 3: 0, 4: 0}",1
735,False,"{'a': 0.5, 'e': 0.052554963816724545}",20,13,1.058753123729936,"{0: 6, 1: 0, 2: 1, 3: 0, 4: 0}",1
736,False,"{'a': 0.5, 'e': 0.05234474396145765}",25,8,32.46220927146853,"{0: 17, 1: 0, 2: 0, 3: 0, 4: 0}",1
737,False,"{'a': 0.5, 'e': 0.05213536498561182}",20,0,35.69393413784688,"{0: 20, 1: 0, 2: 0, 3: 0, 4: 0}",0
738,False,"{'a': 0.5, 'e': 0.05192682352566937}",20,0,25.341205484356262,"{0: 19, 1: 1, 2: 0, 3: 0, 4: 0}",0
739,False,"{'a': 0.5, 'e': 0.05171911623156669}",20,0,30.375855820735843,"{0: 20, 1: 0, 2: 0, 3: 0, 4: 0}",0
740,False,"{'a': 0.5, 'e': 0.051512239766640426}",25,13,21.911994403391255,"{0: 12, 1: 0, 2: 0, 3: 0, 4: 0}",1
741,False,"{'a': 0.5, 'e': 0.05130619080757386}",30,15,29.460112081289147,"{0: 15, 1: 0, 2: 0, 3: 0, 4: 0}",1
742,False,"{'a': 0.5, 'e': 0.05110096604434357}",20,9,21.810646030998818,"{0: 11, 1: 0, 2: 0, 3: 0, 4: 0}",1
743,False,"{'a': 0.5, 'e': 0.050896562180166194}",35,19,31.97916760196323,"{0: 16, 1: 0, 2: 0, 3: 0, 4: 0}",1
744,False,"{'a': 0.5, 'e': 0.05069297593144553}",25,15,20.9866169164185,"{0: 10, 1: 0, 2: 0, 3: 0, 4: 0}",1
745,False,"{'a': 0.5, 'e': 0.05049020402771975}",25,9,16.374332544515585,"{0: 15, 1: 0, 2: 1, 3: 0, 4: 0}",1
746,False,"{'a': 0.5, 'e': 0.050288243211608866}",25,0,25.548281746435958,"{0: 24, 1: 0, 2: 1, 3: 0, 4: 0}",0
747,False,"{'a': 0.5, 'e': 0.050087090238762434}",20,10,18.38449760814097,"{0: 10, 1: 0, 2: 0, 3: 0, 4: 0}",1
748,False,"{'a': 0.5, 'e': 0.04988674187780738}",30,10,35.999231647920524,"{0: 20, 1: 0, 2: 0, 3: 0, 4: 0}",1
1,True,"{'a': 0, 'e': 0}",25,5,34.322462446424744,"{0: 20, 1: 0, 2: 0, 3: 0, 4: 0}",1
2,True,"{'a': 0, 'e': 0}",20,0,31.523186580924342,"{0: 20, 1: 0, 2: 0, 3: 0, 4: 0}",1
3,True,"{'a': 0, 'e': 0}",20,14,10.308016112379986,"{0: 6, 1: 0, 2: 0, 3: 0, 4: 0}",1
4,True,"{'a': 0, 'e': 0}",30,19,19.767947196978525,"{0: 11, 1: 0, 2: 0, 3: 0, 4: 0}",1
5,True,"{'a': 0, 'e': 0}",20,11,19.1719994076097,"{0: 9, 1: 0, 2: 0, 3: 0, 4: 0}",1
6,True,"{'a': 0, 'e': 0}",20,14,13.934142913922338,"{0: 6, 1: 0, 2: 0, 3: 0, 4: 0}",1
7,True,"{'a': 0, 'e': 0}",35,7,49.17727170189798,"{0: 28, 1: 0, 2: 0, 3: 0, 4: 0}",1
8,True,"{'a': 0, 'e': 0}",20,15,10.707606043089024,"{0: 5, 1: 0, 2: 0, 3: 0, 4: 0}",1
9,True,"{'a': 0, 'e': 0}",30,24,11.404096107265364,"{0: 6, 1: 0, 2: 0, 3: 0, 4: 0}",1
10,True,"{'a': 0, 'e': 0}",20,11,17.43099920505344,"{0: 9, 1: 0, 2: 0, 3: 0, 4: 0}",1
